FSA,LANDAREA,Bachelor's degree or higher,"Car, truck or van - as a driver","Car, truck or van - as a passenger",Couple-family households,Employed,Employee,Median age of the population,Median total income of household in 2020 ($),Permanent position,"Population, 2021",Temporary position,With children,population_density,has_store,education_rate,employment_rate,driver_rate,family_rate,children_rate,region,region_Other Ontario,region_Ottawa,region_Toronto,region_Other Ontario,region_Ottawa,region_Toronto,store_probability
K1P,0.4258,375.0,50.0,10.0,130.0,485.0,475.0,32.4,87000.0,410.0,645.0,60.0,0.0,1514.7956787224048,0,58.139534883720934,75.1937984496124,7.751937984496124,20.155038759689923,0.0,Ottawa,False,True,False,False,True,False,0.9875945500849965
K1S,6.3408,12530.0,3660.0,515.0,6790.0,16580.0,15325.0,39.2,106000.0,11635.0,31257.0,3690.0,355.0,4929.504163512491,0,40.08702050740634,53.04411811754167,11.709377099529705,21.723134017979973,1.1357455929871707,Ottawa,False,True,False,False,True,False,0.9808553506164508
K1Y,5.7765,8590.0,2260.0,245.0,4630.0,11360.0,10365.0,40.0,99000.0,8745.0,20712.0,1620.0,275.0,3585.5621916385353,0,41.47354190807261,54.8474314407107,10.911548860563924,22.35419080726149,1.3277327153341059,Ottawa,False,True,False,False,True,False,0.980179830777035
K1R,3.7073,8140.0,1995.0,255.0,3605.0,11815.0,11685.0,36.0,74000.0,9260.0,20343.0,2425.0,225.0,5487.281849324306,0,40.01376394828688,58.0789460748169,9.806813154402006,17.72108341935801,1.1060315587671434,Ottawa,False,True,False,False,True,False,0.9729595576067236
K1M,2.7892,2530.0,810.0,60.0,1565.0,3115.0,2595.0,50.0,128000.0,2060.0,6764.0,530.0,75.0,2425.068119891008,0,37.40390301596688,46.05263157894737,11.975162625665286,23.13719692489651,1.1088113542282674,Ottawa,False,True,False,False,True,False,0.9262431250483489
K1V,34.9793,13280.0,10815.0,1470.0,10795.0,25860.0,25115.0,38.0,93000.0,20040.0,57157.0,5075.0,665.0,1634.0235510716336,0,23.234249523242998,45.24380215896566,18.921566912189235,18.886575572545794,1.163462043144322,Ottawa,False,True,False,False,True,False,0.916322515908048
K2A,5.0035,5455.0,2285.0,250.0,3830.0,7765.0,7110.0,47.2,105000.0,5910.0,17156.0,1200.0,170.0,3428.7998401119216,0,31.79645605036139,45.26113313126603,13.318955467474936,22.32455117743064,0.9909069713219865,Ottawa,False,True,False,False,True,False,0.9139980337490282
L5M,24.9887,33975.0,22665.0,2440.0,19765.0,49435.0,45845.0,39.6,118000.0,37825.0,106468.0,8020.0,465.0,4260.645811906982,0,31.910996731412254,46.43179171206372,21.288086561220272,18.564263440658227,0.43675094864184544,GTA,False,False,False,False,False,False,0.9035208062276986
L6M,34.8703,24930.0,14135.0,1345.0,15600.0,34650.0,31260.0,39.6,143000.0,26070.0,72547.0,5195.0,485.0,2080.4810970940885,0,34.36392959047238,47.762140405530204,19.48392076860518,21.503301308117496,0.6685321240023708,GTA,False,False,False,False,False,False,0.8989698875472415
K2M,9.1575,8445.0,5985.0,775.0,6650.0,15040.0,14380.0,38.4,133000.0,12310.0,28708.0,2075.0,370.0,3134.916734916734,0,29.4168872788073,52.38957781802982,20.847847289954018,23.164274766615577,1.288839347916957,Ottawa,False,True,False,False,True,False,0.8974596300267302
K2K,15.3888,7240.0,4115.0,500.0,5625.0,11360.0,10585.0,45.2,116000.0,8815.0,24922.0,1765.0,255.0,1619.489498856311,0,29.050637990530454,45.58221651552845,16.511515929700664,22.57041970949362,1.023192360163711,Ottawa,False,True,False,False,True,False,0.8925599980902709
M5G,0.7095,5210.0,350.0,75.0,1625.0,5615.0,5500.0,30.8,67500.0,3875.0,9751.0,1630.0,30.0,13743.481324876671,0,53.43041739308789,57.58383755512255,3.589375448671931,16.664957440262537,0.30766075274330834,Toronto,False,False,True,False,False,True,0.8867814979521949
K1C,17.6679,8495.0,7095.0,785.0,8690.0,16695.0,16240.0,46.0,117000.0,13560.0,37235.0,2680.0,575.0,2107.4943824676393,0,22.81455619712636,44.83684705250436,19.054652880354507,23.338257016248154,1.5442460051027258,Ottawa,False,True,False,False,True,False,0.8838274050382814
K0A,3072.8212,16495.0,33465.0,2375.0,27880.0,57425.0,51445.0,44.0,115000.0,44510.0,111626.0,6935.0,2655.0,36.32687772396259,0,14.777023274147599,51.44410800351172,29.979574651066955,24.976260011108522,2.378478132334761,Other Ontario,True,False,False,True,False,False,0.8832848680912136
L9T,82.9492,28960.0,27910.0,2375.0,21795.0,52315.0,49685.0,36.4,126000.0,43240.0,110956.0,6445.0,1110.0,1337.6379760142352,0,26.10043620894769,47.149320451350086,25.15411514474206,19.642921518439742,1.00039655358881,GTA,False,False,False,False,False,False,0.8828441841471015
M4Y,1.0366,16630.0,1940.0,330.0,5630.0,20545.0,20130.0,33.2,62400.0,15555.0,36319.0,4575.0,100.0,35036.65830600039,0,45.788705636168395,56.56818745009499,5.341556760924035,15.501528125774389,0.27533797736721827,Toronto,False,False,True,False,False,True,0.8805711057186044
K2V,2.3724,3645.0,2215.0,250.0,2295.0,5575.0,5365.0,32.4,128000.0,4600.0,10486.0,765.0,135.0,4419.996627887372,0,34.76063322525272,53.166126263589554,21.12340263208087,21.886324623307267,1.287430860194545,Ottawa,False,True,False,False,True,False,0.8750266242225152
K1J,12.6424,6455.0,4465.0,630.0,5355.0,12310.0,11835.0,41.6,94000.0,9495.0,28268.0,2340.0,360.0,2235.967854204898,0,22.83500778265176,43.54747417574642,15.795245507287392,18.943681901797085,1.273524833734258,Ottawa,False,True,False,False,True,False,0.8690858056692122
M2N,9.5924,32330.0,9955.0,1070.0,15175.0,36565.0,32995.0,38.0,82000.0,27315.0,75100.0,5675.0,325.0,7829.114715816689,0,43.04926764314247,48.6884154460719,13.255659121171771,20.206391478029296,0.4327563249001331,Toronto,False,False,True,False,False,True,0.865434717836051
K2W,64.675,2985.0,1675.0,165.0,1890.0,4450.0,4075.0,39.6,159000.0,3395.0,8553.0,685.0,105.0,132.24584460765365,0,34.900035075412134,52.02852800187069,19.583771775985035,22.097509645738338,1.227639424763241,Ottawa,False,True,False,False,True,False,0.8591846101627625
M5H,0.4726,1945.0,170.0,20.0,515.0,2105.0,2020.0,31.4,90000.0,1575.0,3248.0,445.0,15.0,6872.619551417689,0,59.88300492610838,64.80911330049261,5.233990147783251,15.85591133004926,0.4618226600985222,Toronto,False,False,True,False,False,True,0.8587997804100279
M5A,3.7157,18680.0,3750.0,525.0,8095.0,25830.0,24530.0,36.4,71000.0,20460.0,48978.0,4070.0,335.0,13181.365556961004,0,38.13957286945159,52.737963983829474,7.656498836212176,16.527828821103352,0.6839805627016211,Toronto,False,False,True,False,False,True,0.8446373847569093
N2L,15.7746,9980.0,6685.0,740.0,6090.0,17355.0,17400.0,29.8,69500.0,12780.0,37953.0,4620.0,315.0,2405.956410939105,0,26.295681500803624,45.72761046557584,17.61389086501726,16.046162358706823,0.8299739151055252,Other Ontario,True,False,False,True,False,False,0.8171876575612517
L4J,22.3937,22690.0,15085.0,1295.0,16070.0,34800.0,28930.0,45.6,115000.0,24005.0,75120.0,4920.0,310.0,3354.5148858830835,0,30.205005324813634,46.325878594249204,20.081203407880725,21.392438764643238,0.4126730564430245,GTA,False,False,False,False,False,False,0.8068231713204862
K2H,17.2193,6200.0,4965.0,545.0,5645.0,12120.0,11495.0,46.4,100000.0,9760.0,26759.0,1730.0,365.0,1554.012067854094,0,23.169774655256177,45.29317239059756,18.554505026346277,21.09570611756792,1.3640270563175005,Ottawa,False,True,False,False,True,False,0.7996389064152787
K1W,10.0267,3920.0,3180.0,360.0,3075.0,7450.0,7070.0,37.2,141000.0,5845.0,13825.0,1220.0,215.0,1378.8185544595929,0,28.354430379746837,53.8878842676311,23.001808318264015,22.24231464737794,1.5551537070524413,Ottawa,False,True,False,False,True,False,0.7960375019968552
L5B,10.399,20680.0,13720.0,1410.0,13080.0,30545.0,29550.0,37.2,79000.0,24955.0,67131.0,4600.0,375.0,6455.524569670161,0,30.805440109636383,45.50058840178159,20.437651755522783,19.48429190686866,0.5586092863207758,GTA,False,False,False,False,False,False,0.7942404621512804
K2C,13.15,7380.0,5865.0,730.0,5375.0,14440.0,14370.0,38.0,86000.0,11790.0,29359.0,2585.0,320.0,2232.6235741444866,0,25.13709595013454,49.18423652031745,19.97683844817603,18.30784427262509,1.0899553799516333,Ottawa,False,True,False,False,True,False,0.7922474282321347
M5C,0.2219,1610.0,200.0,20.0,600.0,1900.0,1860.0,36.4,89000.0,1580.0,3149.0,280.0,10.0,14191.077061739525,0,51.12734201333756,60.336614798348684,6.351222610352493,19.053667831057478,0.31756113051762463,Toronto,False,False,True,False,False,True,0.7911074050429274
M6P,4.1581,15665.0,4575.0,530.0,8160.0,21575.0,19775.0,39.2,86000.0,16610.0,39870.0,3160.0,510.0,9588.513984752652,0,39.290193127664914,54.11336844745422,11.47479307750188,20.466516177577127,1.2791572610985704,Toronto,False,False,True,False,False,True,0.790484261049407
M6J,2.9426,12525.0,2995.0,490.0,5685.0,18465.0,16495.0,36.8,90000.0,13820.0,32111.0,2675.0,400.0,10912.458370148848,0,39.005325277942134,57.503659182211706,9.327021892809316,17.704213509389305,1.2456790507925632,Toronto,False,False,True,False,False,True,0.7897595016505884
L3T,24.2116,15755.0,9845.0,910.0,11020.0,22615.0,19565.0,47.2,95000.0,16365.0,50405.0,3200.0,255.0,2081.853326504651,0,31.25681975994445,44.866580696359485,19.531792480904674,21.86291042555302,0.5059021922428331,Other Ontario,True,False,False,True,False,False,0.7847394744719653
K2R,67.4299,320.0,220.0,40.0,320.0,565.0,445.0,50.0,164000.0,360.0,1237.0,80.0,10.0,18.344977524807245,0,25.869037995149558,45.675020210185934,17.78496362166532,25.869037995149558,0.8084074373484237,Ottawa,False,True,False,False,True,False,0.7816826578458902
K2E,10.7391,4525.0,3705.0,435.0,3950.0,8775.0,8610.0,40.0,89000.0,6865.0,20172.0,1740.0,210.0,1878.369695784563,0,22.43208407693833,43.50089232599643,18.367043426531826,19.58159825500694,1.0410469958358122,Ottawa,False,True,False,False,True,False,0.7761473542855567
M6K,2.7728,15710.0,4235.0,615.0,7065.0,24000.0,22825.0,35.6,72000.0,19480.0,42110.0,3345.0,400.0,15186.814772071551,0,37.30705295654239,56.9935882213251,10.056993588221324,16.777487532652575,0.9498931370220851,Toronto,False,False,True,False,False,True,0.7750835052944548
K1L,3.3005,4265.0,2855.0,470.0,2965.0,8495.0,8285.0,41.2,63200.0,6410.0,18213.0,1875.0,220.0,5518.254809877291,0,23.417339263163676,46.64250809861088,15.675616318014605,16.279580519409212,1.2079284027892165,Ottawa,False,True,False,False,True,False,0.7728139389661566
M6R,2.3243,8035.0,2120.0,250.0,4045.0,10855.0,8925.0,39.2,104000.0,7355.0,19349.0,1570.0,350.0,8324.656885944156,0,41.52669388598894,56.101090495632846,10.956638585973435,20.905473151067238,1.808879011835237,Toronto,False,False,True,False,False,True,0.7662148854536633
L3R,19.4291,15120.0,11720.0,1320.0,11600.0,25050.0,22505.0,46.4,93000.0,18075.0,62060.0,4425.0,380.0,3194.1778054567635,0,24.363519174991943,40.364163712536254,18.884950048340315,18.69158878504673,0.6123106670963584,Other Ontario,True,False,False,True,False,False,0.7611060812854032
M4P,1.441,11045.0,2660.0,280.0,5000.0,14115.0,13245.0,36.8,74500.0,11075.0,25057.0,2175.0,200.0,17388.61901457321,0,44.079498742866264,56.33156403400248,10.615795985153849,19.9545037314922,0.7981801492596878,Toronto,False,False,True,False,False,True,0.7558953290332374
M5S,1.8915,6880.0,975.0,115.0,2695.0,8390.0,7580.0,33.2,70000.0,5320.0,17074.0,2260.0,70.0,9026.69838752313,0,40.29518566241068,49.139041817968845,5.710436921635234,15.784233337237904,0.40998008668150404,Toronto,False,False,True,False,False,True,0.754457192937959
K0K,5464.1988,9460.0,34685.0,2390.0,28360.0,48940.0,43390.0,50.8,83000.0,37220.0,115850.0,6165.0,2365.0,21.201644420404325,0,8.16573154941735,42.24428139835995,29.939577039274923,24.479930945187743,2.0414328873543375,Other Ontario,True,False,False,True,False,False,0.7543026939800765
M5R,2.8276,10755.0,2090.0,255.0,4980.0,13835.0,11565.0,42.0,86000.0,9270.0,26197.0,2290.0,185.0,9264.74748903664,0,41.0543191968546,52.811390617246246,7.978012749551476,19.00981028362026,0.7061877314196282,Toronto,False,False,True,False,False,True,0.7414061731479773
L5N,32.8959,22200.0,20795.0,2305.0,16600.0,41920.0,40715.0,40.4,123000.0,35030.0,83700.0,5685.0,720.0,2544.3900303685264,0,26.523297491039425,50.08363201911589,24.84468339307049,19.83273596176822,0.8602150537634409,GTA,False,False,False,False,False,False,0.7345546328837596
N6G,47.7933,13015.0,12085.0,1195.0,10550.0,22065.0,20295.0,36.4,96000.0,16065.0,50940.0,4225.0,490.0,1065.839772520416,0,25.5496662740479,43.31566548881037,23.723989006674522,20.7106399685905,0.9619159795838241,Other Ontario,True,False,False,True,False,False,0.7329056275219298
L6J,18.3881,7965.0,3925.0,330.0,5600.0,10565.0,8425.0,46.4,158000.0,6740.0,24420.0,1685.0,115.0,1328.0328038242124,0,32.61670761670762,43.26371826371827,16.072891072891075,22.93202293202293,0.47092547092547093,GTA,False,False,False,False,False,False,0.7310019040050637
K1B,10.5811,3335.0,3510.0,485.0,3415.0,8185.0,7910.0,40.4,96000.0,6530.0,17769.0,1380.0,285.0,1679.315005056185,0,18.768642016995894,46.06336878833924,19.75350329225055,19.218864314255164,1.6039169339861559,Ottawa,False,True,False,False,True,False,0.7225526957777849
M6H,4.6523,13760.0,5090.0,860.0,7985.0,22695.0,21010.0,38.4,83000.0,17310.0,43730.0,3695.0,645.0,9399.651785138532,0,31.465812943059685,51.89801051909444,11.639606677338211,18.25977589755317,1.4749599817059227,Toronto,False,False,True,False,False,True,0.7215257293039056
M4L,4.3573,10505.0,3770.0,495.0,6785.0,15780.0,14015.0,40.8,101000.0,12060.0,32218.0,1960.0,495.0,7394.028412090055,0,32.60599664783661,48.978831708982554,11.70153330436402,21.05965609286734,1.536408219008008,Toronto,False,False,True,False,False,True,0.707790006612819
M6S,8.01,12330.0,4320.0,415.0,7505.0,17030.0,14880.0,41.6,108000.0,12860.0,34029.0,2020.0,415.0,4248.314606741573,0,36.23380058185665,50.04554938434864,12.695054218460724,22.054718034617533,1.219548032560463,Toronto,False,False,True,False,False,True,0.7052145923080835
M4K,4.3905,10605.0,3075.0,440.0,6230.0,15140.0,13140.0,43.2,84000.0,10910.0,30913.0,2230.0,435.0,7040.883726227081,0,34.3059554232847,48.976158897551194,9.947271374502636,20.153333548992332,1.4071749749296414,Toronto,False,False,True,False,False,True,0.7018449906979972
K4M,54.8823,4035.0,3095.0,205.0,3675.0,6975.0,5930.0,43.2,146000.0,4950.0,14380.0,980.0,150.0,262.0152581068942,0,28.059805285118223,48.50486787204451,21.522948539638385,25.55632823365786,1.043115438108484,Other Ontario,True,False,False,True,False,False,0.701747262183448
M4C,5.0113,13965.0,5395.0,715.0,8895.0,21585.0,20495.0,40.0,83000.0,17205.0,46440.0,3290.0,555.0,9267.056452417535,0,30.07105943152455,46.47932816537468,11.617140396210164,19.15374677002584,1.1950904392764856,Toronto,False,False,True,False,False,True,0.7012498126839962
L6A,61.2069,22900.0,23080.0,2175.0,16870.0,43655.0,39120.0,39.6,133000.0,33705.0,89287.0,5410.0,590.0,1458.7734389423415,0,25.647630674118293,48.89289594229843,25.8492277711201,18.894127924557885,0.6607904846170215,GTA,False,False,False,False,False,False,0.7002463409394528
K7L,140.8027,4705.0,3270.0,410.0,3825.0,8535.0,8235.0,40.0,72500.0,5550.0,19621.0,2685.0,175.0,139.3510209676377,0,23.979409816013455,43.49931196167371,16.66581723663422,19.494419244686814,0.8919015340706385,Other Ontario,True,False,False,True,False,False,0.7001756700356573
L6C,52.6077,15905.0,10370.0,880.0,10145.0,22990.0,19960.0,41.2,118000.0,16680.0,51738.0,3280.0,310.0,983.4681995221232,0,30.741427963972324,44.43542463952994,20.043295063589625,19.608411612354555,0.599172755034984,GTA,False,False,False,False,False,False,0.6972563058164222
K1X,35.8594,1415.0,1140.0,120.0,1005.0,2480.0,2275.0,34.8,133000.0,2020.0,4594.0,255.0,60.0,128.11145752578125,0,30.80104484109708,53.983456682629516,24.81497605572486,21.876360470178494,1.30605137135394,Ottawa,False,True,False,False,True,False,0.6928763658970438
M4E,3.769,8925.0,3110.0,335.0,5730.0,12830.0,11065.0,42.8,112000.0,9325.0,25473.0,1735.0,400.0,6758.556646325285,0,35.03709810387469,50.367055313469166,12.209005613787147,22.49440584147921,1.5702901110980254,Toronto,False,False,True,False,False,True,0.6870665849748215
L8P,5.8906,7145.0,4530.0,490.0,4455.0,11815.0,11210.0,38.8,58000.0,8760.0,24773.0,2445.0,240.0,4205.513869554884,0,28.841884309530535,47.69305292051831,18.286037217938887,17.983288257376984,0.9687966737980866,Other Ontario,True,False,False,True,False,False,0.6830045990764501
M4R,1.8541,4915.0,1220.0,155.0,2610.0,6190.0,5220.0,40.4,107000.0,4285.0,11909.0,940.0,90.0,6423.062402243676,0,41.27130741456042,51.97749601141993,10.244353010328323,21.91619783357125,0.755730959778319,Toronto,False,False,True,False,False,True,0.6805909452208452
L4C,23.7011,20865.0,16505.0,1495.0,15035.0,33540.0,28710.0,46.0,86000.0,23720.0,74636.0,4990.0,425.0,3149.0521536975075,0,27.955678224985263,44.938099576611826,22.113993247226542,20.14443432123908,0.5694303017310681,GTA,False,False,False,False,False,False,0.6698151728500916
N0B,2106.5526,12660.0,26670.0,1775.0,20560.0,44660.0,36760.0,42.8,120000.0,32140.0,86919.0,4625.0,1140.0,41.26125310139419,0,14.565284920443172,51.381170975275836,30.6837400338246,23.654206790229985,1.3115659407034135,Other Ontario,True,False,False,True,False,False,0.6696249047341734
L8S,17.9287,4510.0,2825.0,335.0,2575.0,7350.0,7245.0,32.4,62800.0,4885.0,15787.0,2355.0,130.0,880.5434861423305,0,28.567808956736556,46.55729397605624,17.894470133654274,16.31088870589726,0.8234623424336479,Other Ontario,True,False,False,True,False,False,0.6672660595088298
M4W,4.4645,6355.0,1340.0,150.0,3280.0,7730.0,6045.0,44.8,104000.0,4945.0,15296.0,1095.0,80.0,3426.139545301826,0,41.54680962343097,50.536087866108794,8.760460251046025,21.443514644351463,0.5230125523012552,Toronto,False,False,True,False,False,True,0.6664285492281041
M4J,5.325,10765.0,3930.0,485.0,7025.0,16670.0,15030.0,42.0,93000.0,12840.0,35128.0,2195.0,470.0,6596.807511737089,0,30.64506946025962,47.45502163516283,11.187656570257344,19.99829196082897,1.3379640173081302,Toronto,False,False,True,False,False,True,0.6633888756327933
N2T,7.1546,6165.0,4600.0,455.0,4675.0,9870.0,9235.0,41.2,127000.0,7660.0,20634.0,1575.0,205.0,2884.018673301093,0,29.877871474265778,47.833672579238154,22.29330231656489,22.656780071726278,0.9935058641077833,Other Ontario,True,False,False,True,False,False,0.6505598794125529
L7A,33.6137,24000.0,29320.0,3045.0,15220.0,50175.0,46540.0,33.2,124000.0,39180.0,104009.0,7360.0,775.0,3094.244311099343,0,23.074926208308895,48.24101760424578,28.189868184484034,14.633349037102558,0.7451278254766414,GTA,False,False,False,False,False,False,0.6484605887748255
M4V,2.7339,7565.0,1945.0,245.0,4175.0,10320.0,8230.0,45.2,99000.0,6895.0,19273.0,1335.0,125.0,7049.636051062584,0,39.25180304052301,53.54641207907436,10.091838323042598,21.66242930524568,0.6485757277019665,Toronto,False,False,True,False,False,True,0.6368733041340074
N2V,19.0718,6365.0,4505.0,400.0,4240.0,9375.0,8910.0,38.0,126000.0,7490.0,19428.0,1425.0,150.0,1018.6767898153296,0,32.76199299979411,48.255095738109944,23.1881820053531,21.824171299155857,0.7720815318097591,Other Ontario,True,False,False,True,False,False,0.628868397464949
L6Y,37.934,22905.0,24945.0,3005.0,13265.0,45695.0,43445.0,35.6,106000.0,35490.0,97601.0,7955.0,500.0,2572.91611746718,0,23.467997254126495,46.81816784664092,25.55813977315806,13.591049272036146,0.5122898330959724,GTA,False,False,False,False,False,False,0.6178649657469915
L0R,984.5589,11360.0,25960.0,1680.0,19270.0,39290.0,35645.0,40.8,110000.0,31030.0,83602.0,4615.0,1125.0,84.91315247873946,0,13.58819167005574,46.99648333771919,31.051888710796394,23.049687806511805,1.3456615870433721,Other Ontario,True,False,False,True,False,False,0.6176050692780557
M5T,1.4718,5870.0,860.0,95.0,2255.0,8195.0,7830.0,36.0,61600.0,5985.0,17903.0,1845.0,105.0,12164.016850115504,0,32.7878009272189,45.77445120929453,4.803664190359157,12.595654359604536,0.5864938837066414,Toronto,False,False,True,False,False,True,0.6170924067587398
N6A,6.0614,3965.0,2540.0,305.0,2320.0,6580.0,6435.0,34.0,61200.0,4920.0,13810.0,1515.0,90.0,2278.3515359487906,0,28.711078928312816,47.64663287472845,18.392469225199132,16.799420709630702,0.6517016654598118,Other Ontario,True,False,False,True,False,False,0.6139783904370834
M2J,10.1063,20350.0,9695.0,1175.0,11450.0,28295.0,27005.0,38.4,83000.0,22260.0,61761.0,4740.0,365.0,6111.1385967169,0,32.94959602338045,45.813701203024564,15.697608523178058,18.53920759055067,0.5909878402227943,Toronto,False,False,True,False,False,True,0.6100789905492626
K7K,28.8285,5965.0,7420.0,935.0,6165.0,14620.0,14970.0,37.2,67000.0,11895.0,33705.0,3075.0,675.0,1169.1555231801865,0,17.697670968699004,43.37635365672749,22.01453790238837,18.29105473965287,2.0026702269692924,Other Ontario,True,False,False,True,False,False,0.6067699549682154
N6K,34.3123,7725.0,8905.0,785.0,8925.0,15975.0,14880.0,44.4,100000.0,12565.0,37596.0,2310.0,410.0,1095.700375667035,0,20.547398659431853,42.491222470475584,23.686030428769016,23.73922757740185,1.0905415469730821,Other Ontario,True,False,False,True,False,False,0.5957255000927572
L7L,24.6378,12290.0,11470.0,1115.0,10910.0,23595.0,22090.0,42.4,122000.0,19170.0,47433.0,2920.0,505.0,1925.2124783868692,0,25.9102312735859,49.743849218898234,24.181477030759176,23.000864377121413,1.0646596251554825,GTA,False,False,False,False,False,False,0.592436653831514
L8L,13.2307,3695.0,6535.0,1115.0,4985.0,13015.0,13335.0,36.4,65000.0,11255.0,32312.0,2080.0,815.0,2442.1988254589705,0,11.435380044565486,40.27915325575638,20.224684327803914,15.427704877444912,2.5222827432532804,Other Ontario,True,False,False,True,False,False,0.5823084471710828
L1N,35.5046,8465.0,11900.0,1110.0,10100.0,21815.0,21390.0,43.6,100000.0,18765.0,49649.0,2625.0,725.0,1398.3821814638102,0,17.049688815484703,43.938447904288104,23.968257165300408,20.342806501641522,1.4602509617514956,Other Ontario,True,False,False,True,False,False,0.5816805833874651
M5P,3.3673,7470.0,2385.0,235.0,4295.0,10280.0,8050.0,43.2,99000.0,6745.0,19791.0,1310.0,155.0,5877.409200249458,0,37.74442928603911,51.942802283866406,12.050932241928148,21.70178363902784,0.7831842756808651,Toronto,False,False,True,False,False,True,0.5782928453052099
L3P,43.7598,8940.0,8010.0,790.0,7790.0,16105.0,14310.0,47.2,115000.0,11960.0,37336.0,2350.0,285.0,853.2031682046079,0,23.944718234411827,43.135311763445465,21.45382472680523,20.864581101349906,0.763338332976216,Other Ontario,True,False,False,True,False,False,0.5742750118172485
N0G,5612.6402,5225.0,27355.0,2325.0,20035.0,41855.0,33830.0,40.8,83000.0,29435.0,86935.0,4395.0,1475.0,15.489145375825087,0,6.010237533789613,48.145165928567316,31.46603784436648,23.045953873583713,1.6966699258066371,Other Ontario,True,False,False,True,False,False,0.5742571654642654
L1T,23.1674,10635.0,13070.0,1230.0,8920.0,24775.0,24075.0,37.6,130000.0,20515.0,52632.0,3560.0,530.0,2271.812978581973,0,20.20633834929321,47.07212342301262,24.8328013375893,16.947864417084663,1.0069919440644475,Other Ontario,True,False,False,True,False,False,0.5707189782285866
M4X,1.1465,6005.0,1415.0,260.0,3090.0,9140.0,8935.0,39.2,58800.0,7240.0,19896.0,1695.0,155.0,17353.685128652418,0,30.181946119823078,45.93888218737435,7.111982308001609,15.530759951749095,0.7790510655408123,Toronto,False,False,True,False,False,True,0.5675881301137857
L4S,28.7441,11880.0,7455.0,745.0,7280.0,16735.0,14730.0,43.2,119000.0,12260.0,36688.0,2470.0,175.0,1276.3662803844963,0,32.381160052333186,45.61436982119494,20.319995638901002,19.8430004361099,0.47699520279110336,GTA,False,False,False,False,False,False,0.5646298507461056
M6C,2.9792,8245.0,2960.0,360.0,4765.0,12370.0,10730.0,40.4,91000.0,8930.0,23997.0,1800.0,230.0,8054.84693877551,0,34.35846147435096,51.548110180439224,12.334875192732426,19.856648747760136,0.9584531399758303,Toronto,False,False,True,False,False,True,0.5619389198476598
M5M,5.1585,9665.0,3765.0,270.0,5770.0,12120.0,9475.0,43.2,164000.0,7875.0,25495.0,1600.0,170.0,4942.32819618106,0,37.9093939988233,47.53873308491861,14.76760149048833,22.631888605608943,0.6667974112571092,Toronto,False,False,True,False,False,True,0.5570730342160505
L1Z,23.2281,7575.0,7580.0,715.0,5600.0,15070.0,14530.0,35.2,134000.0,12430.0,31989.0,2100.0,325.0,1377.1681713097498,0,23.680015005158022,47.109944043264875,23.69564537809872,17.50601769358217,1.0159742411453938,Other Ontario,True,False,False,True,False,False,0.5563161462959181
L6E,8.2503,10350.0,7860.0,740.0,7115.0,17180.0,15985.0,39.6,115000.0,13480.0,38387.0,2500.0,225.0,4652.800504224089,0,26.962252846015577,44.75473467580171,20.475681871466904,18.534920676270612,0.5861359314351212,GTA,False,False,False,False,False,False,0.5469839906489988
L3X,18.6141,11505.0,12050.0,1170.0,8940.0,22200.0,20510.0,39.2,129000.0,17390.0,45284.0,3120.0,455.0,2432.7794521357464,0,25.406324529635192,49.02393781468068,26.60984012013073,19.74207225510114,1.0047698966522391,Other Ontario,True,False,False,True,False,False,0.5446665831360089
K0L,7368.4296,6715.0,21720.0,1310.0,19400.0,31150.0,27515.0,54.0,79000.0,23255.0,78142.0,4260.0,1525.0,10.604973412516555,0,8.593330091372117,39.863325740318906,27.795551687952702,24.826597732333443,1.951575337206624,Other Ontario,True,False,False,True,False,False,0.5418111355432297
L0S,623.7178,8340.0,15635.0,980.0,15590.0,24310.0,21325.0,53.2,95000.0,17850.0,60409.0,3480.0,705.0,96.85309606363649,0,13.80588985085004,40.24234799450413,25.88190501415352,25.80741280272807,1.167044645665381,Other Ontario,True,False,False,True,False,False,0.5348110569332721
L4H,76.334,17135.0,21915.0,1900.0,14850.0,37820.0,34855.0,37.6,144000.0,30385.0,77353.0,4470.0,570.0,1013.3492283910184,0,22.151694181221153,48.89273848460952,28.331157162618126,19.197704032164236,0.7368815689113545,GTA,False,False,False,False,False,False,0.5343545145780859
M4N,4.8658,5800.0,1740.0,120.0,3520.0,6820.0,5400.0,46.8,146000.0,4505.0,16058.0,900.0,85.0,3300.176743803691,0,36.1190683771329,42.471042471042466,10.835720513139869,21.920538049570307,0.5293311744924648,Toronto,False,False,True,False,False,True,0.533213656952092
K1A,0.5559,35.0,30.0,0.0,130.0,75.0,85.0,72.0,73500.0,60.0,594.0,20.0,0.0,1068.5375067458176,0,5.892255892255893,12.626262626262626,5.05050505050505,21.885521885521886,0.0,Ottawa,False,True,False,False,True,False,0.5317567520480405
L9E,118.7335,5350.0,3735.0,280.0,3285.0,7700.0,6810.0,32.4,124000.0,5690.0,16933.0,1115.0,160.0,142.61349998104998,0,31.595110139963385,45.4733360892931,22.057520817338926,19.399988188743873,0.9449004901671292,GTA,False,False,False,False,False,False,0.5269027777039779
N2K,20.4743,7790.0,8010.0,745.0,6880.0,15275.0,14515.0,40.4,120000.0,12400.0,29381.0,2115.0,325.0,1435.0185354322248,0,26.513733365099895,51.989380892413465,27.262516592355603,23.41649365236037,1.1061570402641163,Other Ontario,True,False,False,True,False,False,0.5136358332068062
L1M,19.11,4855.0,5825.0,490.0,4895.0,11175.0,10575.0,38.0,154000.0,8970.0,22542.0,1605.0,300.0,1179.591836734694,0,21.537574305740396,49.57412829385148,25.84065300328276,21.715020849968948,1.3308490817141336,Other Ontario,True,False,False,True,False,False,0.5109739235276585
N2G,5.679,3610.0,3135.0,285.0,2745.0,7370.0,7180.0,38.0,62400.0,6095.0,14580.0,1085.0,175.0,2567.3534072900156,0,24.7599451303155,50.548696844993145,21.502057613168724,18.82716049382716,1.2002743484224965,Other Ontario,True,False,False,True,False,False,0.5017267669641414
L4A,228.6984,11065.0,12515.0,975.0,10855.0,23815.0,21330.0,41.6,122000.0,18305.0,50389.0,3030.0,480.0,220.32948197276417,0,21.959157752684117,47.26229931135764,24.836769929945028,21.54240012701185,0.9525888586794737,GTA,False,False,False,False,False,False,0.50065882035229
