FSA,LANDAREA,Bachelor's degree or higher,"Car, truck or van - as a driver","Car, truck or van - as a passenger",Couple-family households,Employed,Employee,Median age of the population,Median total income of household in 2020 ($),Permanent position,"Population, 2021",Temporary position,With children,population_density
K0A,3072.8212,16495.0,33465.0,2375.0,27880.0,57425.0,51445.0,44.0,115000.0,44510.0,111626.0,6935.0,2655.0,36.326877723962596
K0B,1223.8974,1700.0,6985.0,370.0,5200.0,9985.0,8670.0,50.4,79000.0,7500.0,21020.0,1165.0,700.0,17.17464225350916
K0C,2470.942,4200.0,17335.0,1065.0,12980.0,24540.0,22125.0,48.4,84000.0,18915.0,52838.0,3210.0,1155.0,21.38374757481155
K0E,1979.2436,2970.0,13315.0,730.0,9870.0,17800.0,16425.0,49.6,83000.0,13990.0,39649.0,2430.0,870.0,20.032400256340352
K0G,2675.2361,4445.0,11660.0,860.0,10170.0,18325.0,16145.0,50.4,94000.0,13755.0,39862.0,2395.0,720.0,14.900367111523353
K0H,5232.2271,4760.0,14030.0,770.0,11990.0,20250.0,18155.0,51.2,92000.0,15265.0,47286.0,2890.0,985.0,9.037451757397916
K0J,6565.4195,2750.0,9505.0,790.0,8530.0,13685.0,12585.0,52.4,76000.0,10115.0,34322.0,2465.0,625.0,5.227693371307043
K0K,5464.1988,9460.0,34685.0,2390.0,28360.0,48940.0,43390.0,50.8,83000.0,37220.0,115850.0,6165.0,2365.0,21.201644420404325
K0L,7368.4296,6715.0,21720.0,1310.0,19400.0,31150.0,27515.0,54.0,79000.0,23255.0,78142.0,4260.0,1525.0,10.604973412516555
K0M,5512.5103,4195.0,14685.0,1115.0,13805.0,21345.0,18615.0,56.8,80000.0,15840.0,53815.0,2770.0,975.0,9.762340035899797
K1A,0.5559,35.0,30.0,0.0,130.0,75.0,85.0,72.0,73500.0,60.0,594.0,20.0,0.0,1068.5375067458176
K1B,10.5811,3335.0,3510.0,485.0,3415.0,8185.0,7910.0,40.4,96000.0,6530.0,17769.0,1380.0,285.0,1679.315005056185
K1C,17.6679,8495.0,7095.0,785.0,8690.0,16695.0,16240.0,46.0,117000.0,13560.0,37235.0,2680.0,575.0,2107.4943824676393
K1E,6.5016,2320.0,3105.0,315.0,3545.0,6615.0,6460.0,46.8,110000.0,5475.0,14508.0,980.0,270.0,2231.450719822813
K1G,35.6769,8425.0,6055.0,855.0,6345.0,15860.0,15490.0,38.8,83000.0,12280.0,35074.0,3210.0,360.0,983.1011102422015
K1H,6.8364,5095.0,2505.0,250.0,3535.0,7625.0,6785.0,44.0,103000.0,5430.0,16306.0,1355.0,150.0,2385.1734831197705
K1J,12.6424,6455.0,4465.0,630.0,5355.0,12310.0,11835.0,41.6,94000.0,9495.0,28268.0,2340.0,360.0,2235.967854204898
K1K,13.4204,6925.0,5020.0,660.0,5390.0,13190.0,13000.0,42.4,73500.0,10270.0,32046.0,2735.0,460.0,2387.8572918839973
K1L,3.3005,4265.0,2855.0,470.0,2965.0,8495.0,8285.0,41.2,63200.0,6410.0,18213.0,1875.0,220.0,5518.254809877291
K1M,2.7892,2530.0,810.0,60.0,1565.0,3115.0,2595.0,50.0,128000.0,2060.0,6764.0,530.0,75.0,2425.068119891008
K1N,4.1394,8480.0,2305.0,295.0,3885.0,13040.0,13425.0,34.0,64000.0,9585.0,26639.0,3840.0,195.0,6435.473740155578
K1P,0.4258,375.0,50.0,10.0,130.0,485.0,475.0,32.4,87000.0,410.0,645.0,60.0,0.0,1514.7956787224048
K1R,3.7073,8140.0,1995.0,255.0,3605.0,11815.0,11685.0,36.0,74000.0,9260.0,20343.0,2425.0,225.0,5487.281849324306
K1S,6.3408,12530.0,3660.0,515.0,6790.0,16580.0,15325.0,39.2,106000.0,11635.0,31257.0,3690.0,355.0,4929.504163512491
K1T,46.4052,9575.0,8530.0,1025.0,7605.0,18660.0,17790.0,36.0,107000.0,14495.0,40054.0,3300.0,470.0,863.1360278589468
K1V,34.9793,13280.0,10815.0,1470.0,10795.0,25860.0,25115.0,38.0,93000.0,20040.0,57157.0,5075.0,665.0,1634.0235510716336
K1W,10.0267,3920.0,3180.0,360.0,3075.0,7450.0,7070.0,37.2,141000.0,5845.0,13825.0,1220.0,215.0,1378.8185544595929
K1X,35.8594,1415.0,1140.0,120.0,1005.0,2480.0,2275.0,34.8,133000.0,2020.0,4594.0,255.0,60.0,128.11145752578125
K1Y,5.7765,8590.0,2260.0,245.0,4630.0,11360.0,10365.0,40.0,99000.0,8745.0,20712.0,1620.0,275.0,3585.5621916385353
K1Z,6.621,6695.0,3450.0,500.0,4175.0,10800.0,10385.0,38.4,77000.0,8555.0,22714.0,1830.0,285.0,3430.5996073100737
K2A,5.0035,5455.0,2285.0,250.0,3830.0,7765.0,7110.0,47.2,105000.0,5910.0,17156.0,1200.0,170.0,3428.7998401119216
K2B,7.9454,7615.0,5325.0,795.0,5795.0,14305.0,14335.0,39.6,72000.0,11660.0,33254.0,2675.0,345.0,4185.314773327963
K2C,13.15,7380.0,5865.0,730.0,5375.0,14440.0,14370.0,38.0,86000.0,11790.0,29359.0,2585.0,320.0,2232.6235741444866
K2E,10.7391,4525.0,3705.0,435.0,3950.0,8775.0,8610.0,40.0,89000.0,6865.0,20172.0,1740.0,210.0,1878.369695784563
K2G,28.2119,12710.0,10190.0,1240.0,10055.0,24685.0,23645.0,40.0,114000.0,19505.0,50692.0,4135.0,540.0,1796.8304155338706
K2H,17.2193,6200.0,4965.0,545.0,5645.0,12120.0,11495.0,46.4,100000.0,9760.0,26759.0,1730.0,365.0,1554.0120678540939
K2J,32.134,22185.0,17510.0,1860.0,17200.0,40915.0,39565.0,36.8,122000.0,33580.0,81863.0,5985.0,1035.0,2547.5508806871226
K2K,15.3888,7240.0,4115.0,500.0,5625.0,11360.0,10585.0,45.2,116000.0,8815.0,24922.0,1765.0,255.0,1619.489498856311
K2L,6.4717,3705.0,3865.0,540.0,4250.0,8695.0,8645.0,43.2,106000.0,7565.0,18739.0,1080.0,315.0,2895.529768067123
K2M,9.1575,8445.0,5985.0,775.0,6650.0,15040.0,14380.0,38.4,133000.0,12310.0,28708.0,2075.0,370.0,3134.9167349167346
K2P,1.3093,8015.0,1560.0,250.0,3015.0,11545.0,11365.0,34.4,66500.0,8860.0,18825.0,2505.0,85.0,14377.911861299932
K2R,67.4299,320.0,220.0,40.0,320.0,565.0,445.0,50.0,164000.0,360.0,1237.0,80.0,10.0,18.344977524807245
K2S,132.0912,10595.0,8430.0,760.0,9245.0,19555.0,18550.0,39.6,137000.0,15870.0,38903.0,2685.0,495.0,294.5162130406871
K2T,11.7509,4555.0,1950.0,180.0,2620.0,5650.0,5465.0,39.2,141000.0,4550.0,11871.0,915.0,85.0,1010.2204937494149
K2V,2.3724,3645.0,2215.0,250.0,2295.0,5575.0,5365.0,32.4,128000.0,4600.0,10486.0,765.0,135.0,4419.996627887372
K2W,64.675,2985.0,1675.0,165.0,1890.0,4450.0,4075.0,39.6,159000.0,3395.0,8553.0,685.0,105.0,132.24584460765365
K4A,32.7591,15115.0,13730.0,1375.0,13495.0,31865.0,30405.0,38.4,128000.0,25700.0,62125.0,4705.0,1010.0,1896.4196208076537
K4B,161.02,810.0,1285.0,95.0,1170.0,2270.0,1875.0,47.2,129000.0,1580.0,4704.0,300.0,115.0,29.213762265557072
K4C,27.9819,850.0,1140.0,65.0,1140.0,2170.0,1775.0,48.8,143000.0,1505.0,4538.0,270.0,70.0,162.17626394204825
K4K,54.1,1945.0,4825.0,370.0,4025.0,8045.0,7605.0,44.0,104000.0,6520.0,16958.0,1090.0,460.0,313.456561922366
K4M,54.8823,4035.0,3095.0,205.0,3675.0,6975.0,5930.0,43.2,146000.0,4950.0,14380.0,980.0,150.0,262.0152581068942
K4P,60.4823,2375.0,2595.0,205.0,2580.0,5225.0,4715.0,44.4,155000.0,4030.0,10448.0,685.0,155.0,172.74475342372892
K4R,88.1735,1550.0,2480.0,175.0,2250.0,4580.0,4235.0,39.6,127000.0,3675.0,8740.0,560.0,170.0,99.12275230086136
K6A,107.9393,755.0,3610.0,275.0,2690.0,4840.0,4680.0,54.8,58000.0,3910.0,12529.0,770.0,370.0,116.07449742586806
K6H,75.7605,2000.0,7615.0,1090.0,6065.0,11340.0,11265.0,46.0,61200.0,9625.0,30440.0,1640.0,720.0,401.79249080985477
K6J,25.6513,1155.0,4745.0,590.0,3430.0,6800.0,6855.0,46.8,60400.0,5985.0,17827.0,870.0,440.0,694.97452370835
K6K,12.7954,340.0,1235.0,80.0,845.0,1550.0,1500.0,45.2,83000.0,1290.0,3452.0,205.0,65.0,269.7844537880801
K6T,24.7581,65.0,310.0,25.0,180.0,380.0,355.0,49.2,108000.0,330.0,690.0,20.0,10.0,27.86966689689435
K6V,232.9388,2545.0,7685.0,840.0,6060.0,11205.0,10950.0,52.0,68500.0,8980.0,28174.0,1975.0,530.0,120.95022383561691
K7A,354.561,1250.0,5305.0,515.0,3775.0,7640.0,7290.0,46.8,74500.0,6355.0,17575.0,930.0,390.0,49.568339439475864
K7C,210.6034,2745.0,5900.0,560.0,4935.0,10000.0,9240.0,44.0,99000.0,8160.0,20382.0,1080.0,450.0,96.77906434558986
K7G,136.9739,955.0,2485.0,130.0,2075.0,3700.0,3455.0,54.4,77500.0,2925.0,8740.0,525.0,165.0,63.80777651800818
K7H,621.91,1415.0,4300.0,340.0,3965.0,6495.0,5955.0,55.6,82000.0,5020.0,16175.0,935.0,265.0,26.008586451415802
K7K,28.8285,5965.0,7420.0,935.0,6165.0,14620.0,14970.0,37.2,67000.0,11895.0,33705.0,3075.0,675.0,1169.1555231801863
K7L,140.8027,4705.0,3270.0,410.0,3825.0,8535.0,8235.0,40.0,72500.0,5550.0,19621.0,2685.0,175.0,139.3510209676377
K7M,44.1686,8435.0,12100.0,1280.0,9930.0,20915.0,20750.0,44.4,77500.0,16990.0,49268.0,3765.0,780.0,1115.4530594132484
K7N,3.9663,775.0,2620.0,185.0,1870.0,3690.0,3825.0,41.2,91000.0,3410.0,8395.0,415.0,210.0,2116.58220507778
K7P,29.7964,4750.0,7295.0,680.0,5595.0,11600.0,11280.0,41.2,105000.0,9410.0,24660.0,1870.0,425.0,827.6167590715658
K7R,333.5821,1110.0,4500.0,385.0,3400.0,6170.0,5720.0,50.4,77000.0,4985.0,15480.0,735.0,305.0,46.40536767410481
K7S,185.3303,1380.0,4335.0,290.0,3350.0,6275.0,5960.0,48.0,83000.0,5125.0,14265.0,830.0,280.0,76.97068423242179
K7V,665.4234,985.0,4195.0,430.0,3145.0,5825.0,5515.0,52.0,70000.0,4795.0,13943.0,720.0,275.0,20.953576324487535
K8A,617.5258,2085.0,7790.0,635.0,5700.0,10940.0,10460.0,45.6,75000.0,8805.0,26392.0,1660.0,550.0,42.73829530685196
K8B,4.0215,65.0,135.0,15.0,140.0,220.0,200.0,42.4,136000.0,175.0,490.0,25.0,10.0,121.84508268059183
K8H,151.5124,1775.0,5870.0,265.0,3545.0,7925.0,7795.0,31.2,102000.0,6400.0,16188.0,1395.0,465.0,106.84274026416318
K8N,199.5057,3570.0,8615.0,690.0,6700.0,12475.0,11850.0,48.0,79000.0,10120.0,30393.0,1730.0,530.0,152.34151204702422
K8P,15.0213,2020.0,5785.0,675.0,4170.0,8910.0,8985.0,44.4,64500.0,7680.0,23166.0,1310.0,535.0,1542.2100617123683
K8R,10.6416,170.0,675.0,15.0,505.0,905.0,910.0,43.6,97000.0,775.0,2012.0,140.0,40.0,189.0693128852804
K8V,154.0598,1915.0,9170.0,710.0,6195.0,12170.0,12005.0,43.6,76500.0,10435.0,28936.0,1565.0,770.0,187.82316996387118
K9A,179.6388,2920.0,7275.0,625.0,6245.0,10750.0,10135.0,53.2,82000.0,8780.0,26757.0,1350.0,475.0,148.94889077415345
K9H,16.6607,4465.0,6890.0,795.0,5435.0,11950.0,11990.0,42.0,64000.0,9865.0,29704.0,2130.0,530.0,1782.8782704208108
K9J,264.2858,5355.0,11720.0,1120.0,8730.0,18475.0,17860.0,44.0,72500.0,15065.0,44547.0,2795.0,885.0,168.55616154935302
K9K,10.1592,2230.0,3710.0,335.0,2955.0,5845.0,5565.0,47.2,98000.0,4790.0,13359.0,780.0,180.0,1314.9657453342782
K9L,32.935,1140.0,2195.0,175.0,1740.0,3315.0,3280.0,43.6,94000.0,2730.0,7813.0,555.0,160.0,237.22483679975707
K9V,253.2121,2220.0,7965.0,635.0,6095.0,11080.0,10470.0,49.6,72500.0,8955.0,29369.0,1515.0,580.0,115.98576845261344
L0A,663.7273,1655.0,5150.0,230.0,3740.0,7420.0,6545.0,44.0,114000.0,5745.0,15325.0,805.0,335.0,23.089301886482595
L0B,496.0309,1730.0,5245.0,250.0,3695.0,7795.0,6585.0,46.4,111000.0,5630.0,15501.0,955.0,310.0,31.2500693001182
L0C,342.4574,1230.0,3265.0,165.0,2290.0,4735.0,4005.0,44.8,117000.0,3435.0,9486.0,565.0,195.0,27.699795653415578
L0E,434.5302,1945.0,7230.0,465.0,4670.0,10380.0,9295.0,46.8,90000.0,8035.0,21898.0,1265.0,545.0,50.394656113660226
L0G,623.2527,6540.0,14575.0,895.0,10000.0,22830.0,19990.0,41.6,118000.0,17165.0,44945.0,2825.0,710.0,72.11360656760893
L0H,38.9191,230.0,370.0,20.0,280.0,620.0,460.0,49.2,118000.0,380.0,1223.0,85.0,15.0,31.424159345925265
L0J,37.0166,1055.0,1610.0,100.0,1070.0,2570.0,1910.0,46.0,198000.0,1580.0,4945.0,325.0,35.0,133.58871425252457
L0K,1721.4541,3415.0,12070.0,730.0,9335.0,16740.0,15085.0,50.8,88000.0,12945.0,38386.0,2135.0,880.0,22.298590476504717
L0L,1058.0793,5225.0,13875.0,910.0,9985.0,19980.0,17765.0,46.8,106000.0,15080.0,42022.0,2685.0,755.0,39.715359708861136
L0M,826.5364,3285.0,13690.0,865.0,8150.0,18360.0,17140.0,39.6,103000.0,14805.0,37226.0,2335.0,960.0,45.03854881648286
L0N,72.7884,275.0,760.0,35.0,520.0,1130.0,920.0,48.8,118000.0,830.0,2395.0,90.0,40.0,32.90359452879855
L0P,235.8533,1450.0,2230.0,160.0,1705.0,4000.0,3120.0,48.0,135000.0,2645.0,7779.0,475.0,100.0,32.98236658126047
L0R,984.5589,11360.0,25960.0,1680.0,19270.0,39290.0,35645.0,40.8,110000.0,31030.0,83602.0,4615.0,1125.0,84.91315247873946
L0S,623.7178,8340.0,15635.0,980.0,15590.0,24310.0,21325.0,53.2,95000.0,17850.0,60409.0,3480.0,705.0,96.85309606363647
L1A,200.3166,1650.0,4470.0,345.0,3695.0,6660.0,6160.0,51.2,86000.0,5415.0,15845.0,745.0,330.0,79.09978504028123
L1B,73.514,1515.0,3810.0,170.0,3220.0,5645.0,5375.0,46.0,101000.0,4600.0,13203.0,780.0,230.0,179.5984438338276
L1C,185.8759,6320.0,16175.0,1095.0,10330.0,23905.0,23200.0,37.2,109000.0,20475.0,50217.0,2730.0,1110.0,270.1641256343614
L1E,25.9671,4305.0,9035.0,655.0,6180.0,13985.0,13775.0,39.2,123000.0,11965.0,28325.0,1810.0,505.0,1090.8033627166685
L1G,19.8828,5285.0,10605.0,1160.0,7875.0,17505.0,17730.0,43.2,75500.0,15140.0,43497.0,2590.0,835.0,2187.669744703965
L1H,57.1599,2830.0,8415.0,1060.0,5480.0,13385.0,13530.0,41.2,73500.0,11700.0,32298.0,1825.0,755.0,565.0464748888644
L1J,23.2312,4140.0,11225.0,1225.0,7535.0,17875.0,18025.0,40.4,78000.0,15710.0,43107.0,2320.0,980.0,1855.5649299218292
L1K,14.5586,6995.0,12000.0,1055.0,8170.0,19745.0,19245.0,37.2,119000.0,16655.0,43574.0,2595.0,710.0,2993.0075694091465
L1L,30.8847,2910.0,3140.0,270.0,2215.0,5755.0,5525.0,31.6,112000.0,4650.0,12976.0,880.0,205.0,420.14330720389063
L1M,19.11,4855.0,5825.0,490.0,4895.0,11175.0,10575.0,38.0,154000.0,8970.0,22542.0,1605.0,300.0,1179.591836734694
L1N,35.5046,8465.0,11900.0,1110.0,10100.0,21815.0,21390.0,43.6,100000.0,18765.0,49649.0,2625.0,725.0,1398.3821814638102
L1P,26.5078,4880.0,5645.0,585.0,4500.0,11005.0,10520.0,36.4,132000.0,8905.0,22928.0,1610.0,275.0,864.9529572427739
L1R,21.735,9195.0,10525.0,895.0,8420.0,20255.0,19520.0,39.2,135000.0,16725.0,42221.0,2795.0,480.0,1942.5350816655166
L1S,20.2473,6970.0,10735.0,1200.0,8100.0,19520.0,19165.0,42.0,100000.0,16650.0,42045.0,2510.0,595.0,2076.5731727193256
L1T,23.1674,10635.0,13070.0,1230.0,8920.0,24775.0,24075.0,37.6,130000.0,20515.0,52632.0,3560.0,530.0,2271.812978581973
L1V,17.7631,10885.0,12305.0,1060.0,10100.0,24810.0,23775.0,42.0,118000.0,20335.0,52787.0,3445.0,570.0,2971.7222782059434
L1W,16.757,3595.0,4485.0,410.0,3645.0,8690.0,8245.0,42.8,106000.0,7230.0,18433.0,1010.0,255.0,1100.0179029659246
L1X,38.4469,5530.0,5945.0,635.0,4505.0,11445.0,11010.0,36.0,129000.0,9545.0,24639.0,1460.0,245.0,640.8579105207442
L1Y,119.2188,400.0,710.0,75.0,445.0,1210.0,965.0,47.6,133000.0,800.0,1976.0,165.0,25.0,16.574567098477758
L1Z,23.2281,7575.0,7580.0,715.0,5600.0,15070.0,14530.0,35.2,134000.0,12430.0,31989.0,2100.0,325.0,1377.1681713097498
L2A,42.5988,1380.0,4750.0,400.0,3655.0,6775.0,6705.0,49.2,72500.0,5685.0,17293.0,1020.0,325.0,405.95040235875194
L2E,12.7042,1920.0,4695.0,595.0,3215.0,6690.0,7480.0,46.4,60800.0,6495.0,18587.0,990.0,345.0,1463.0594606508084
L2G,65.9841,3065.0,7510.0,855.0,5545.0,11125.0,12425.0,44.8,69000.0,10560.0,30344.0,1865.0,515.0,459.86836222665767
L2H,50.4623,4875.0,7985.0,715.0,5905.0,11765.0,12395.0,42.0,91000.0,10385.0,29820.0,2010.0,435.0,590.9362038591186
L2J,21.3045,1755.0,4035.0,300.0,3295.0,5725.0,5950.0,50.0,81000.0,5125.0,14908.0,830.0,220.0,699.7582670327864
L2M,15.7486,3725.0,9195.0,720.0,6975.0,13460.0,13760.0,46.0,72000.0,11815.0,33704.0,1945.0,565.0,2140.1267414246345
L2N,12.8871,4150.0,7825.0,615.0,6680.0,12045.0,11620.0,52.0,78500.0,10120.0,30719.0,1505.0,380.0,2383.7015309883527
L2P,8.7476,1640.0,4525.0,615.0,2955.0,6600.0,6865.0,40.0,71000.0,6030.0,15128.0,835.0,285.0,1729.3886323105767
L2R,62.1652,3910.0,6465.0,785.0,4675.0,11075.0,11030.0,40.4,61200.0,9425.0,25558.0,1605.0,450.0,411.1303430214976
L2S,10.7378,3080.0,5495.0,570.0,3835.0,8205.0,8180.0,42.0,82000.0,6935.0,19400.0,1245.0,245.0,1806.7015589785617
L2T,10.8682,1940.0,2920.0,255.0,2215.0,4745.0,4625.0,42.0,74500.0,3615.0,11401.0,1015.0,150.0,1049.0237573839274
L2V,23.5948,2610.0,5925.0,495.0,3680.0,8620.0,8840.0,37.6,80000.0,7485.0,19795.0,1350.0,340.0,838.9560411616119
L2W,0.918,415.0,500.0,45.0,420.0,830.0,755.0,42.0,110000.0,605.0,1959.0,150.0,15.0,2133.986928104575
L3B,124.5739,1800.0,7150.0,575.0,5025.0,10160.0,10335.0,43.2,66500.0,9155.0,25869.0,1180.0,590.0,207.65987096815627
L3C,23.4021,3645.0,9710.0,800.0,7255.0,13880.0,13960.0,45.6,78500.0,12005.0,33462.0,1950.0,560.0,1429.8716781827272
L3K,122.9781,1430.0,5950.0,440.0,4265.0,7975.0,7745.0,50.8,70000.0,6755.0,19458.0,990.0,400.0,158.22329341565694
L3L,6.4533,140.0,275.0,30.0,150.0,465.0,290.0,51.6,162000.0,255.0,879.0,35.0,5.0,136.20938124680396
L3M,68.7098,4825.0,8570.0,655.0,6810.0,13650.0,12690.0,44.8,104000.0,11125.0,28433.0,1565.0,400.0,413.81287676575977
L3P,43.7598,8940.0,8010.0,790.0,7790.0,16105.0,14310.0,47.2,115000.0,11960.0,37336.0,2350.0,285.0,853.2031682046079
L3R,19.4291,15120.0,11720.0,1320.0,11600.0,25050.0,22505.0,46.4,93000.0,18075.0,62060.0,4425.0,380.0,3194.1778054567635
L3S,15.3115,10110.0,12885.0,1745.0,8010.0,22970.0,22005.0,39.6,106000.0,17785.0,55403.0,4225.0,325.0,3618.3914051529896
L3T,24.2116,15755.0,9845.0,910.0,11020.0,22615.0,19565.0,47.2,95000.0,16365.0,50405.0,3200.0,255.0,2081.853326504651
L3V,320.9005,4865.0,13670.0,1325.0,9975.0,20280.0,19495.0,47.6,77500.0,16765.0,48651.0,2730.0,1085.0,151.6077413403843
L3X,18.6141,11505.0,12050.0,1170.0,8940.0,22200.0,20510.0,39.2,129000.0,17390.0,45284.0,3120.0,455.0,2432.7794521357464
L3Y,48.1146,7860.0,11285.0,1295.0,8690.0,20425.0,19180.0,45.6,93000.0,16220.0,43556.0,2965.0,580.0,905.255369472052
L3Z,157.2,5850.0,13130.0,1155.0,7985.0,19470.0,18105.0,37.2,114000.0,15915.0,41072.0,2185.0,645.0,261.2722646310433
L4A,228.6984,11065.0,12515.0,975.0,10855.0,23815.0,21330.0,41.6,122000.0,18305.0,50389.0,3030.0,480.0,220.32948197276414
L4B,15.4284,12175.0,7400.0,715.0,7150.0,16600.0,13940.0,45.6,97000.0,11485.0,36080.0,2460.0,140.0,2338.5445023463226
L4C,23.7011,20865.0,16505.0,1495.0,15035.0,33540.0,28710.0,46.0,86000.0,23720.0,74636.0,4990.0,425.0,3149.0521536975075
L4E,32.917,17135.0,12470.0,1135.0,11025.0,26135.0,22255.0,40.4,127000.0,18340.0,54606.0,3915.0,350.0,1658.899656712337
L4G,50.0005,17045.0,15165.0,1160.0,13420.0,30165.0,26745.0,42.0,119000.0,22475.0,62061.0,4270.0,570.0,1241.2075879241206
L4H,76.334,17135.0,21915.0,1900.0,14850.0,37820.0,34855.0,37.6,144000.0,30385.0,77353.0,4470.0,570.0,1013.3492283910184
L4J,22.3937,22690.0,15085.0,1295.0,16070.0,34800.0,28930.0,45.6,115000.0,24005.0,75120.0,4920.0,310.0,3354.5148858830835
L4K,32.8087,5650.0,4870.0,520.0,3895.0,10095.0,9555.0,37.6,92000.0,8025.0,20172.0,1530.0,130.0,614.836918256438
L4L,36.3704,10160.0,15555.0,1115.0,11290.0,25270.0,23150.0,48.0,110000.0,20025.0,55426.0,3125.0,325.0,1523.9315487319361
L4M,77.8005,7015.0,13825.0,1720.0,8315.0,22225.0,21300.0,38.0,87000.0,18025.0,46902.0,3270.0,940.0,602.8495960822873
L4N,55.6162,13320.0,31030.0,3235.0,19215.0,47965.0,46325.0,39.6,97000.0,40095.0,100835.0,6230.0,2105.0,1813.050873666306
L4P,67.6291,3470.0,9765.0,780.0,5960.0,14690.0,14140.0,40.4,102000.0,12415.0,29861.0,1725.0,650.0,441.54069771740274
L4R,107.8584,1710.0,4965.0,585.0,4020.0,7560.0,7270.0,50.4,70500.0,6310.0,19245.0,955.0,420.0,178.42838388108854
L4S,28.7441,11880.0,7455.0,745.0,7280.0,16735.0,14730.0,43.2,119000.0,12260.0,36688.0,2470.0,175.0,1276.3662803844963
L4T,33.7566,5920.0,9265.0,1250.0,4680.0,16515.0,16735.0,34.4,84000.0,13230.0,38182.0,3510.0,240.0,1131.0973261525155
L4V,2.4291,,,,,,,,,,5.0,,,2.058375530031699
L4W,19.4499,4145.0,4350.0,405.0,4100.0,8520.0,7890.0,49.2,105000.0,6805.0,19744.0,1085.0,175.0,1015.1209003645263
L4X,6.3661,3350.0,4190.0,605.0,3445.0,7850.0,7605.0,41.2,81000.0,6475.0,18719.0,1130.0,215.0,2940.4187807291746
L4Y,8.1692,4625.0,5070.0,575.0,4620.0,10130.0,9630.0,45.2,89000.0,8300.0,23490.0,1330.0,240.0,2875.434559075552
L4Z,9.95,9485.0,8965.0,1095.0,6675.0,17740.0,17105.0,39.6,100000.0,14385.0,37218.0,2720.0,280.0,3740.5025125628144
L5A,8.242,10070.0,10365.0,1420.0,8825.0,21045.0,20190.0,41.2,80000.0,17270.0,47406.0,2915.0,415.0,5751.7592817277355
L5B,10.399,20680.0,13720.0,1410.0,13080.0,30545.0,29550.0,37.2,79000.0,24955.0,67131.0,4600.0,375.0,6455.524569670161
L5C,12.3848,6460.0,6705.0,810.0,5360.0,13150.0,12405.0,42.8,102000.0,10430.0,29284.0,1975.0,235.0,2364.511336476972
L5E,8.0467,2805.0,3125.0,300.0,2640.0,6025.0,5485.0,45.2,98000.0,4815.0,12972.0,665.0,170.0,1612.0894279642587
L5G,7.2303,5320.0,4575.0,450.0,4270.0,10090.0,8835.0,45.2,95000.0,7715.0,20714.0,1125.0,220.0,2864.8880406068906
L5H,11.3873,5345.0,3605.0,250.0,3820.0,8655.0,7095.0,46.4,139000.0,5890.0,17409.0,1205.0,140.0,1528.8084093683315
L5J,17.8669,6695.0,6080.0,750.0,5805.0,13225.0,12360.0,43.2,107000.0,10820.0,28208.0,1545.0,335.0,1578.78535168384
L5K,6.0875,3210.0,2785.0,320.0,2580.0,5710.0,5415.0,41.6,102000.0,4550.0,13363.0,860.0,115.0,2195.154004106776
L5L,18.1864,10055.0,9560.0,935.0,8680.0,19175.0,18330.0,44.0,110000.0,15410.0,43585.0,2920.0,390.0,2396.571064091849
L5M,24.9887,33975.0,22665.0,2440.0,19765.0,49435.0,45845.0,39.6,118000.0,37825.0,106468.0,8020.0,465.0,4260.645811906982
L5N,32.8959,22200.0,20795.0,2305.0,16600.0,41920.0,40715.0,40.4,123000.0,35030.0,83700.0,5685.0,720.0,2544.3900303685264
L5R,9.3291,10075.0,8080.0,1065.0,6710.0,16830.0,16325.0,42.0,99000.0,13610.0,37022.0,2715.0,210.0,3968.442829426204
L5S,5.9959,,,,,,,,,,27.0,,,4.503077102686836
L5T,11.9677,,,,,,,,,,19.0,,,1.5876066412092549
L5V,11.9662,13830.0,11810.0,1340.0,8235.0,23335.0,22480.0,39.6,126000.0,18630.0,49149.0,3850.0,235.0,4107.318948371246
L5W,15.6487,6880.0,6470.0,640.0,3915.0,12090.0,11535.0,37.6,142000.0,9635.0,24145.0,1895.0,140.0,1542.939669109894
L6A,61.2069,22900.0,23080.0,2175.0,16870.0,43655.0,39120.0,39.6,133000.0,33705.0,89287.0,5410.0,590.0,1458.7734389423415
L6B,33.1034,9105.0,7910.0,770.0,6220.0,15995.0,14935.0,37.2,121000.0,12720.0,34763.0,2220.0,255.0,1050.1338231118254
L6C,52.6077,15905.0,10370.0,880.0,10145.0,22990.0,19960.0,41.2,118000.0,16680.0,51738.0,3280.0,310.0,983.4681995221232
L6E,8.2503,10350.0,7860.0,740.0,7115.0,17180.0,15985.0,39.6,115000.0,13480.0,38387.0,2500.0,225.0,4652.800504224089
L6G,14.2567,3105.0,1875.0,165.0,1685.0,4135.0,3860.0,35.2,61200.0,3175.0,8364.0,680.0,40.0,586.6715298771805
L6H,62.5146,23360.0,15305.0,1475.0,15370.0,35090.0,31725.0,40.0,123000.0,26580.0,72662.0,5145.0,505.0,1162.3204819354198
L6J,18.3881,7965.0,3925.0,330.0,5600.0,10565.0,8425.0,46.4,158000.0,6740.0,24420.0,1685.0,115.0,1328.0328038242124
L6K,6.1044,3695.0,3015.0,310.0,2860.0,6540.0,5915.0,44.8,83000.0,4965.0,14118.0,950.0,130.0,2312.7580106152936
L6L,17.0665,8015.0,5995.0,470.0,6860.0,13110.0,11405.0,47.2,122000.0,9620.0,30012.0,1780.0,250.0,1758.532798171857
L6M,34.8703,24930.0,14135.0,1345.0,15600.0,34650.0,31260.0,39.6,143000.0,26070.0,72547.0,5195.0,485.0,2080.4810970940885
L6P,45.794,19005.0,27525.0,2775.0,10380.0,42430.0,37480.0,36.0,134000.0,31185.0,91155.0,6295.0,355.0,1990.5446128313754
L6R,23.5285,18705.0,27470.0,3225.0,11445.0,43760.0,40600.0,34.8,116000.0,33425.0,93783.0,7180.0,460.0,3985.9319548632507
L6S,41.2511,8870.0,15575.0,1815.0,8575.0,25490.0,25180.0,38.8,105000.0,21355.0,54361.0,3825.0,570.0,1317.807282714885
L6T,19.2571,6590.0,9800.0,1460.0,5835.0,17790.0,17990.0,37.2,83000.0,15475.0,39614.0,2515.0,440.0,2057.1114030669205
L6V,8.6194,7080.0,11935.0,1625.0,6340.0,19640.0,19270.0,37.6,93000.0,16220.0,42392.0,3050.0,545.0,4918.207763881476
L6W,15.3978,3720.0,5790.0,695.0,3745.0,10200.0,9970.0,40.8,87000.0,8550.0,23547.0,1425.0,235.0,1529.2444375170478
L6X,26.0308,17355.0,21295.0,2635.0,10620.0,36865.0,34615.0,35.6,116000.0,28970.0,76113.0,5645.0,595.0,2923.9593097407687
L6Y,37.934,22905.0,24945.0,3005.0,13265.0,45695.0,43445.0,35.6,106000.0,35490.0,97601.0,7955.0,500.0,2572.91611746718
L6Z,14.4623,6800.0,9510.0,980.0,5710.0,16295.0,15370.0,38.4,119000.0,13160.0,33888.0,2210.0,355.0,2343.195757244698
L7A,33.6137,24000.0,29320.0,3045.0,15220.0,50175.0,46540.0,33.2,124000.0,39180.0,104009.0,7360.0,775.0,3094.244311099343
L7B,180.9839,4170.0,4845.0,245.0,3825.0,8395.0,6525.0,42.0,154000.0,5495.0,17809.0,1030.0,140.0,98.40101799110307
L7C,293.252,6425.0,10475.0,725.0,5735.0,16510.0,14175.0,38.0,134000.0,12170.0,33846.0,2000.0,310.0,115.41609264386943
L7E,135.4397,5445.0,11345.0,1020.0,7325.0,17815.0,16540.0,42.4,132000.0,14210.0,34516.0,2335.0,370.0,254.8440376049268
L7G,127.5306,9065.0,14675.0,1130.0,10500.0,24865.0,23410.0,42.0,132000.0,20440.0,48051.0,2975.0,655.0,376.7801609966549
L7J,133.2637,1690.0,4610.0,350.0,3005.0,7155.0,6490.0,43.6,110000.0,5795.0,13766.0,700.0,265.0,103.298947875528
L7K,260.1272,1380.0,2620.0,155.0,1875.0,4195.0,3460.0,48.4,134000.0,2965.0,8486.0,490.0,115.0,32.622501606906155
L7L,24.6378,12290.0,11470.0,1115.0,10910.0,23595.0,22090.0,42.4,122000.0,19170.0,47433.0,2920.0,505.0,1925.2124783868692
L7M,53.8541,12835.0,11865.0,1060.0,10915.0,23775.0,22335.0,41.6,131000.0,19355.0,48498.0,2975.0,455.0,900.5442482559359
L7N,6.5651,2860.0,2980.0,245.0,3045.0,5925.0,5350.0,48.0,101000.0,4640.0,13160.0,710.0,155.0,2004.539154011363
L7P,78.1321,5695.0,7740.0,800.0,6940.0,14120.0,13065.0,44.0,117000.0,11560.0,29777.0,1510.0,440.0,381.11096463553395
L7R,5.9362,4125.0,4420.0,365.0,3750.0,8670.0,8115.0,45.2,86000.0,7025.0,17338.0,1090.0,215.0,2920.723695293285
L7S,3.9426,2295.0,2695.0,260.0,2645.0,5235.0,5045.0,54.0,77000.0,4375.0,12207.0,670.0,120.0,3096.1801856642824
L7T,13.0558,3560.0,4530.0,370.0,4365.0,8200.0,7380.0,48.8,93000.0,6290.0,18555.0,1090.0,260.0,1421.2074327118983
L8B,130.2271,5740.0,7485.0,570.0,6000.0,13565.0,12305.0,38.4,131000.0,10765.0,25778.0,1535.0,340.0,197.94651036535404
L8E,32.8993,6175.0,12055.0,1060.0,8390.0,18665.0,17590.0,41.2,91000.0,15420.0,41927.0,2175.0,545.0,1274.4040146750845
L8G,8.8239,2490.0,5665.0,485.0,4495.0,8670.0,8545.0,50.8,77000.0,7630.0,21805.0,915.0,265.0,2471.129545892406
L8H,15.6287,2195.0,7220.0,955.0,4475.0,11535.0,12025.0,40.0,70000.0,10715.0,26187.0,1310.0,675.0,1675.571224733983
L8J,71.471,4930.0,9055.0,775.0,5905.0,13965.0,13390.0,36.8,114000.0,11575.0,29146.0,1820.0,395.0,407.8017657511438
L8K,11.819,3610.0,8935.0,865.0,6310.0,14065.0,14155.0,42.4,75000.0,12510.0,32598.0,1645.0,635.0,2758.101362213385
L8L,13.2307,3695.0,6535.0,1115.0,4985.0,13015.0,13335.0,36.4,65000.0,11255.0,32312.0,2080.0,815.0,2442.1988254589705
L8M,3.346,2350.0,2775.0,385.0,2310.0,6170.0,6065.0,38.4,61200.0,5050.0,13774.0,1015.0,295.0,4116.55708308428
L8N,6.5312,2945.0,3110.0,395.0,2440.0,7280.0,7215.0,36.8,54800.0,6055.0,15568.0,1165.0,200.0,2383.6354728074475
L8P,5.8906,7145.0,4530.0,490.0,4455.0,11815.0,11210.0,38.8,58000.0,8760.0,24773.0,2445.0,240.0,4205.513869554884
L8R,4.1562,1985.0,2015.0,385.0,1705.0,4895.0,4925.0,38.4,53600.0,3875.0,11651.0,1050.0,155.0,2803.281843992108
L8S,17.9287,4510.0,2825.0,335.0,2575.0,7350.0,7245.0,32.4,62800.0,4885.0,15787.0,2355.0,130.0,880.5434861423305
L8T,6.263,2215.0,5165.0,585.0,3910.0,8265.0,8270.0,43.6,85000.0,7295.0,19405.0,980.0,325.0,3098.355420724892
L8V,5.5244,2040.0,5465.0,735.0,3825.0,8880.0,9065.0,44.4,68500.0,7960.0,21165.0,1105.0,340.0,3831.1852870900007
L8W,7.052,3485.0,7500.0,875.0,4710.0,11645.0,11800.0,38.8,101000.0,10185.0,26077.0,1620.0,365.0,3697.81622234827
L9A,7.1852,3380.0,6865.0,980.0,4715.0,11480.0,11540.0,40.4,81000.0,10085.0,25899.0,1455.0,375.0,3604.4925680565607
L9B,13.6175,3990.0,6600.0,630.0,4965.0,10580.0,10405.0,42.8,105000.0,8870.0,25025.0,1535.0,255.0,1837.708830548926
L9C,12.6266,6685.0,10510.0,1215.0,7775.0,17645.0,17360.0,41.2,92000.0,14550.0,41202.0,2810.0,580.0,3263.111209668478
L9E,118.7335,5350.0,3735.0,280.0,3285.0,7700.0,6810.0,32.4,124000.0,5690.0,16933.0,1115.0,160.0,142.61349998104998
L9G,80.625,6205.0,6615.0,575.0,6045.0,12030.0,10280.0,44.8,138000.0,8415.0,25020.0,1870.0,245.0,310.3255813953488
L9H,62.01,6750.0,7875.0,645.0,7410.0,14295.0,12695.0,49.6,106000.0,10475.0,31221.0,2220.0,410.0,503.48330914368654
L9J,27.2468,325.0,660.0,55.0,485.0,1025.0,1000.0,36.8,84000.0,855.0,2272.0,140.0,30.0,83.38593889924688
L9K,7.5933,4465.0,4140.0,315.0,3315.0,7255.0,6580.0,39.6,128000.0,5360.0,15928.0,1215.0,130.0,2097.6387078081993
L9L,236.5082,1900.0,4310.0,270.0,3405.0,6715.0,5885.0,50.4,107000.0,5100.0,14620.0,785.0,230.0,61.81603851367522
L9M,242.9891,1290.0,4320.0,425.0,3605.0,6150.0,5810.0,53.2,76000.0,4885.0,16607.0,930.0,310.0,68.34462945045684
L9N,69.0495,4465.0,6045.0,470.0,4535.0,10330.0,9400.0,38.0,117000.0,8035.0,21656.0,1370.0,315.0,313.6300769737652
L9P,218.119,3075.0,4805.0,365.0,3995.0,8455.0,7215.0,47.2,114000.0,6155.0,17383.0,1055.0,280.0,79.69502886039272
L9R,103.0616,2655.0,8250.0,745.0,5505.0,11915.0,11235.0,40.8,99000.0,9835.0,25949.0,1400.0,530.0,251.78145885567466
L9S,119.0325,3405.0,10710.0,730.0,7045.0,15560.0,14365.0,42.0,100000.0,12670.0,33434.0,1690.0,745.0,280.88127192153405
L9T,82.9492,28960.0,27910.0,2375.0,21795.0,52315.0,49685.0,36.4,126000.0,43240.0,110956.0,6445.0,1110.0,1337.6379760142352
L9V,818.77,1725.0,6200.0,530.0,3595.0,8770.0,7725.0,40.0,105000.0,6810.0,17750.0,920.0,435.0,21.6788597530442
L9W,683.4793,6160.0,16370.0,1265.0,10170.0,24595.0,23000.0,40.4,110000.0,20215.0,48790.0,2785.0,995.0,71.38475152063859
L9X,238.2282,2280.0,4285.0,315.0,3095.0,6535.0,5500.0,42.8,141000.0,4670.0,12896.0,825.0,185.0,54.132969984242
L9Y,186.0677,4235.0,7010.0,615.0,6715.0,12015.0,10285.0,52.0,85000.0,8615.0,28925.0,1670.0,480.0,155.4541707131329
L9Z,57.4219,1725.0,6005.0,455.0,6045.0,8770.0,8230.0,56.4,76000.0,7095.0,24849.0,1135.0,445.0,432.7443013902361
M1B,35.3539,11105.0,13755.0,1950.0,9445.0,27810.0,28445.0,39.6,91000.0,23770.0,65555.0,4670.0,475.0,1854.250874726692
M1C,13.8604,8405.0,7270.0,735.0,6865.0,16100.0,15350.0,44.4,130000.0,12715.0,35642.0,2635.0,270.0,2571.498658047387
M1E,15.8104,8615.0,8690.0,1235.0,7395.0,19435.0,19370.0,41.2,82000.0,15880.0,48033.0,3490.0,475.0,3038.063553104286
M1G,8.9669,5380.0,5575.0,915.0,4370.0,11905.0,11840.0,36.8,73500.0,9595.0,30894.0,2245.0,200.0,3445.3378536618
M1H,4.4976,5655.0,4310.0,795.0,3960.0,10420.0,10455.0,38.4,80000.0,8685.0,23964.0,1765.0,140.0,5328.175026680896
M1J,6.56,6350.0,6165.0,1005.0,5345.0,14730.0,14985.0,37.6,76500.0,12210.0,37002.0,2775.0,315.0,5640.548780487805
M1K,8.7101,8765.0,7630.0,1150.0,7125.0,19230.0,19670.0,40.4,72500.0,16055.0,48175.0,3615.0,425.0,5530.935350914455
M1L,8.3321,8290.0,5440.0,675.0,5765.0,14635.0,14580.0,38.8,78000.0,12180.0,35833.0,2395.0,360.0,4300.5964882802655
M1M,9.2167,5385.0,4120.0,510.0,4175.0,9895.0,9295.0,44.4,87000.0,7690.0,23258.0,1605.0,225.0,2523.462844619007
M1N,5.9616,5385.0,4015.0,420.0,4450.0,10125.0,9540.0,44.8,90000.0,8170.0,22976.0,1370.0,355.0,3853.9989264626947
M1P,11.1723,9375.0,7700.0,1025.0,7325.0,18665.0,18680.0,39.6,76000.0,15505.0,45170.0,3170.0,315.0,4043.0350062207426
M1R,10.2393,5790.0,5800.0,850.0,4930.0,13045.0,12855.0,41.2,81000.0,10650.0,30467.0,2205.0,275.0,2975.4963718222925
M1S,12.9636,8085.0,7140.0,1180.0,6195.0,15785.0,15115.0,44.4,81000.0,12200.0,37663.0,2920.0,210.0,2905.2886543861273
M1T,6.1233,7290.0,5690.0,855.0,5765.0,13555.0,13285.0,44.8,71500.0,10950.0,34607.0,2335.0,205.0,5651.691081606323
M1V,14.2525,7785.0,9425.0,1780.0,7670.0,18690.0,18355.0,45.6,82000.0,14735.0,50825.0,3625.0,375.0,3566.041045430626
M1W,8.3863,9730.0,8465.0,1200.0,8085.0,18350.0,17885.0,48.0,82000.0,14645.0,47070.0,3240.0,285.0,5612.725516616386
M1X,7.0091,2425.0,3695.0,505.0,1980.0,6590.0,6625.0,38.4,122000.0,5400.0,14810.0,1225.0,75.0,2112.9674280578106
M2H,7.6546,7060.0,3750.0,410.0,4310.0,9615.0,8705.0,48.0,91000.0,7140.0,23396.0,1565.0,105.0,3056.4627805502573
M2J,10.1063,20350.0,9695.0,1175.0,11450.0,28295.0,27005.0,38.4,83000.0,22260.0,61761.0,4740.0,365.0,6111.1385967169
M2K,5.68,10290.0,3975.0,445.0,5380.0,12320.0,11075.0,40.4,83000.0,9105.0,25377.0,1960.0,115.0,4467.781690140845
M2L,6.1199,3595.0,1930.0,220.0,2275.0,5065.0,3750.0,46.4,133000.0,3065.0,11274.0,690.0,75.0,1842.1869638392784
M2M,7.5823,10650.0,4830.0,625.0,5755.0,14485.0,12790.0,44.4,81000.0,10430.0,31915.0,2360.0,130.0,4209.144982393205
M2N,9.5924,32330.0,9955.0,1070.0,15175.0,36565.0,32995.0,38.0,82000.0,27315.0,75100.0,5675.0,325.0,7829.114715816689
M2P,2.868,2700.0,1295.0,140.0,1675.0,3515.0,2630.0,47.2,120000.0,2170.0,7546.0,455.0,40.0,2631.1018131101814
M2R,7.0468,10440.0,6815.0,1105.0,6775.0,18290.0,16820.0,44.4,78000.0,13830.0,40581.0,2990.0,310.0,5758.784128966339
M3A,7.437,8565.0,6180.0,880.0,6005.0,15415.0,14835.0,40.8,85000.0,12425.0,34361.0,2405.0,330.0,4620.276993411321
M3B,7.1507,4250.0,1965.0,190.0,2820.0,5565.0,4105.0,49.2,121000.0,3410.0,12880.0,695.0,65.0,1801.2222579607592
M3C,8.3416,9680.0,6240.0,835.0,6995.0,16505.0,15610.0,40.4,74500.0,12870.0,39616.0,2740.0,260.0,4749.2087848853935
M3H,11.0528,11190.0,7140.0,825.0,7075.0,18925.0,16745.0,40.8,92000.0,14305.0,38416.0,2440.0,295.0,3475.6803705848292
M3J,13.0563,5110.0,4720.0,820.0,3460.0,11705.0,11970.0,36.0,75500.0,9710.0,26600.0,2265.0,200.0,2037.330637316851
M3K,6.3491,1720.0,1655.0,190.0,1365.0,3755.0,3680.0,38.8,88000.0,3155.0,7865.0,525.0,100.0,1238.758249200674
M3L,5.7104,2020.0,4045.0,675.0,2270.0,7750.0,8000.0,40.4,77500.0,6795.0,19263.0,1210.0,235.0,3373.3188568226396
M3M,5.0881,3425.0,5210.0,785.0,3725.0,10830.0,11050.0,41.2,74000.0,9465.0,24906.0,1585.0,300.0,4894.950964014072
M3N,6.6508,3085.0,7050.0,1410.0,4440.0,14175.0,15165.0,38.0,66500.0,12695.0,40846.0,2465.0,505.0,6141.516810007818
M4A,4.4758,2835.0,2430.0,345.0,2385.0,6060.0,5975.0,44.0,70500.0,5015.0,14589.0,965.0,115.0,3259.5290227445375
M4B,4.9089,3620.0,2990.0,355.0,3230.0,7915.0,7575.0,43.2,78000.0,6410.0,18612.0,1165.0,225.0,3791.4807798081038
M4C,5.0113,13965.0,5395.0,715.0,8895.0,21585.0,20495.0,40.0,83000.0,17205.0,46440.0,3290.0,555.0,9267.056452417535
M4E,3.769,8925.0,3110.0,335.0,5730.0,12830.0,11065.0,42.8,112000.0,9325.0,25473.0,1735.0,400.0,6758.556646325285
M4G,7.1324,7450.0,2775.0,250.0,4540.0,9525.0,7935.0,44.4,130000.0,6720.0,19598.0,1210.0,160.0,2747.742695305928
M4H,1.0874,3600.0,2240.0,265.0,3055.0,5915.0,5300.0,34.0,64500.0,4090.0,18698.0,1215.0,95.0,17195.144381092516
M4J,5.325,10765.0,3930.0,485.0,7025.0,16670.0,15030.0,42.0,93000.0,12840.0,35128.0,2195.0,470.0,6596.807511737089
M4K,4.3905,10605.0,3075.0,440.0,6230.0,15140.0,13140.0,43.2,84000.0,10910.0,30913.0,2230.0,435.0,7040.883726227081
M4L,4.3573,10505.0,3770.0,495.0,6785.0,15780.0,14015.0,40.8,101000.0,12060.0,32218.0,1960.0,495.0,7394.028412090055
M4M,9.1644,9425.0,2660.0,300.0,4920.0,13555.0,12110.0,38.8,99000.0,10490.0,25052.0,1615.0,325.0,2733.6214045654924
M4N,4.8658,5800.0,1740.0,120.0,3520.0,6820.0,5400.0,46.8,146000.0,4505.0,16058.0,900.0,85.0,3300.176743803691
M4P,1.441,11045.0,2660.0,280.0,5000.0,14115.0,13245.0,36.8,74500.0,11075.0,25057.0,2175.0,200.0,17388.61901457321
M4R,1.8541,4915.0,1220.0,155.0,2610.0,6190.0,5220.0,40.4,107000.0,4285.0,11909.0,940.0,90.0,6423.062402243676
M4S,3.079,14280.0,2915.0,335.0,6545.0,17140.0,15530.0,38.0,88000.0,13190.0,30754.0,2345.0,205.0,9988.307892172783
M4T,1.6713,3995.0,895.0,120.0,2340.0,4935.0,3885.0,46.8,114000.0,3255.0,10332.0,630.0,75.0,6182.014001077006
M4V,2.7339,7565.0,1945.0,245.0,4175.0,10320.0,8230.0,45.2,99000.0,6895.0,19273.0,1335.0,125.0,7049.636051062584
M4W,4.4645,6355.0,1340.0,150.0,3280.0,7730.0,6045.0,44.8,104000.0,4945.0,15296.0,1095.0,80.0,3426.1395453018254
M4X,1.1465,6005.0,1415.0,260.0,3090.0,9140.0,8935.0,39.2,58800.0,7240.0,19896.0,1695.0,155.0,17353.685128652418
M4Y,1.0366,16630.0,1940.0,330.0,5630.0,20545.0,20130.0,33.2,62400.0,15555.0,36319.0,4575.0,100.0,35036.65830600039
M5A,3.7157,18680.0,3750.0,525.0,8095.0,25830.0,24530.0,36.4,71000.0,20460.0,48978.0,4070.0,335.0,13181.365556961004
M5B,0.5576,7825.0,860.0,175.0,2470.0,9725.0,9635.0,31.4,58000.0,7415.0,17422.0,2225.0,75.0,31244.619799139167
M5C,0.2219,1610.0,200.0,20.0,600.0,1900.0,1860.0,36.4,89000.0,1580.0,3149.0,280.0,10.0,14191.077061739523
M5E,0.4951,6950.0,930.0,75.0,2515.0,7975.0,7285.0,34.4,98000.0,6450.0,11779.0,840.0,45.0,23791.15330236316
M5G,0.7095,5210.0,350.0,75.0,1625.0,5615.0,5500.0,30.8,67500.0,3875.0,9751.0,1630.0,30.0,13743.481324876673
M5H,0.4726,1945.0,170.0,20.0,515.0,2105.0,2020.0,31.4,90000.0,1575.0,3248.0,445.0,15.0,6872.619551417689
M5J,4.1369,9620.0,900.0,110.0,3415.0,11095.0,10280.0,33.6,94000.0,8855.0,16879.0,1430.0,65.0,4080.1082936498346
M5M,5.1585,9665.0,3765.0,270.0,5770.0,12120.0,9475.0,43.2,164000.0,7875.0,25495.0,1600.0,170.0,4942.32819618106
M5N,2.754,5430.0,2245.0,235.0,3380.0,7705.0,6120.0,41.6,110000.0,4990.0,16154.0,1130.0,130.0,5865.6499636891795
M5P,3.3673,7470.0,2385.0,235.0,4295.0,10280.0,8050.0,43.2,99000.0,6745.0,19791.0,1310.0,155.0,5877.409200249458
M5R,2.8276,10755.0,2090.0,255.0,4980.0,13835.0,11565.0,42.0,86000.0,9270.0,26197.0,2290.0,185.0,9264.74748903664
M5S,1.8915,6880.0,975.0,115.0,2695.0,8390.0,7580.0,33.2,70000.0,5320.0,17074.0,2260.0,70.0,9026.69838752313
M5T,1.4718,5870.0,860.0,95.0,2255.0,8195.0,7830.0,36.0,61600.0,5985.0,17903.0,1845.0,105.0,12164.016850115504
M5V,3.8341,34995.0,4900.0,675.0,11135.0,43430.0,40280.0,32.0,91000.0,35110.0,59912.0,5170.0,330.0,15626.092172869774
M6A,5.5599,5335.0,3245.0,575.0,3350.0,10080.0,9805.0,37.6,72500.0,8200.0,22380.0,1605.0,165.0,4025.2522527383585
M6B,5.3266,6825.0,4490.0,605.0,5020.0,12505.0,11775.0,42.0,86000.0,9875.0,28534.0,1890.0,240.0,5356.888071189877
M6C,2.9792,8245.0,2960.0,360.0,4765.0,12370.0,10730.0,40.4,91000.0,8930.0,23997.0,1800.0,230.0,8054.84693877551
M6E,5.0027,7730.0,6080.0,1355.0,6610.0,18125.0,17185.0,40.8,82000.0,14745.0,37684.0,2435.0,575.0,7532.732324544746
M6G,3.8615,11135.0,2985.0,395.0,5615.0,15915.0,13875.0,39.6,91000.0,11240.0,30600.0,2635.0,415.0,7924.381716949372
M6H,4.6523,13760.0,5090.0,860.0,7985.0,22695.0,21010.0,38.4,83000.0,17310.0,43730.0,3695.0,645.0,9399.651785138532
M6J,2.9426,12525.0,2995.0,490.0,5685.0,18465.0,16495.0,36.8,90000.0,13820.0,32111.0,2675.0,400.0,10912.458370148848
M6K,2.7728,15710.0,4235.0,615.0,7065.0,24000.0,22825.0,35.6,72000.0,19480.0,42110.0,3345.0,400.0,15186.814772071551
M6L,4.7863,2585.0,3880.0,580.0,3070.0,7900.0,7900.0,42.4,74000.0,6535.0,20156.0,1360.0,225.0,4211.186093642271
M6M,8.096,4760.0,8060.0,1295.0,6125.0,17360.0,17500.0,40.0,71500.0,14900.0,42148.0,2600.0,665.0,5206.02766798419
M6N,8.3243,6120.0,6855.0,1110.0,6520.0,17285.0,16885.0,40.8,75500.0,14465.0,40252.0,2420.0,585.0,4835.481662121741
M6P,4.1581,15665.0,4575.0,530.0,8160.0,21575.0,19775.0,39.2,86000.0,16610.0,39870.0,3160.0,510.0,9588.513984752652
M6R,2.3243,8035.0,2120.0,250.0,4045.0,10855.0,8925.0,39.2,104000.0,7355.0,19349.0,1570.0,350.0,8324.656885944156
M6S,8.01,12330.0,4320.0,415.0,7505.0,17030.0,14880.0,41.6,108000.0,12860.0,34029.0,2020.0,415.0,4248.314606741573
M8V,7.0416,14020.0,8520.0,800.0,8835.0,23400.0,21430.0,40.0,79000.0,18535.0,44144.0,2890.0,440.0,6269.029765962281
M8W,6.9498,5780.0,4990.0,500.0,4445.0,11365.0,10630.0,41.6,95000.0,9295.0,22381.0,1330.0,260.0,3220.380442602665
M8X,2.8732,3650.0,1465.0,125.0,2560.0,4910.0,3935.0,50.8,139000.0,3300.0,10624.0,635.0,75.0,3697.6193790895168
M8Y,4.8899,6985.0,4335.0,430.0,4625.0,11435.0,10290.0,40.8,91000.0,8985.0,21986.0,1305.0,235.0,4496.2064663899055
M8Z,8.7727,5885.0,3390.0,340.0,3895.0,9470.0,8725.0,40.4,111000.0,7625.0,19312.0,1100.0,220.0,2201.374719299645
M9A,10.0741,10890.0,6760.0,650.0,7535.0,17895.0,15910.0,43.2,93000.0,13505.0,36642.0,2410.0,300.0,3637.2479923764904
M9B,13.3122,9790.0,6425.0,660.0,6935.0,16040.0,14600.0,42.0,108000.0,12380.0,33236.0,2225.0,285.0,2496.6572016646383
M9C,14.1886,9280.0,8165.0,875.0,7705.0,17735.0,16750.0,45.6,95000.0,14375.0,38725.0,2380.0,375.0,2729.3038072819027
M9L,7.9409,1520.0,2630.0,345.0,1680.0,4640.0,4690.0,41.6,81000.0,3920.0,11737.0,765.0,95.0,1478.0440504224962
M9M,6.3964,3570.0,5120.0,965.0,3415.0,10170.0,10280.0,38.0,82000.0,8625.0,24245.0,1655.0,285.0,3790.4133575136016
M9N,5.1476,3320.0,5080.0,665.0,3865.0,10790.0,10850.0,39.6,69500.0,9215.0,26059.0,1635.0,330.0,5062.359157665708
M9P,6.7153,3855.0,4015.0,510.0,3815.0,8510.0,7905.0,45.2,91000.0,6875.0,20645.0,1025.0,170.0,3074.322815064107
M9R,6.5681,5855.0,6910.0,830.0,5635.0,13775.0,13375.0,40.8,82000.0,11305.0,33783.0,2075.0,295.0,5143.496597189445
M9V,15.5433,7905.0,11525.0,1730.0,6910.0,21715.0,22115.0,37.2,82000.0,18125.0,53878.0,3990.0,400.0,3466.316676638809
M9W,27.3161,6760.0,9605.0,1170.0,5845.0,18200.0,18010.0,38.8,85000.0,14990.0,40977.0,3025.0,355.0,1500.1043340740443
N0A,1035.2298,2295.0,10265.0,540.0,7845.0,13810.0,12585.0,50.8,88000.0,10990.0,31957.0,1595.0,560.0,30.869474584290366
N0B,2106.5526,12660.0,26670.0,1775.0,20560.0,44660.0,36760.0,42.8,120000.0,32140.0,86919.0,4625.0,1140.0,41.261253101394196
N0C,1296.4427,1180.0,5165.0,330.0,3885.0,7805.0,6245.0,43.6,85000.0,5410.0,17537.0,835.0,380.0,13.527015116055649
N0E,1365.0123,2775.0,11900.0,760.0,8760.0,16365.0,14265.0,46.0,92000.0,12350.0,36557.0,1915.0,580.0,26.78144365439051
N0G,5612.6402,5225.0,27355.0,2325.0,20035.0,41855.0,33830.0,40.8,83000.0,29435.0,86935.0,4395.0,1475.0,15.489145375825089
N0H,3239.6509,6640.0,14840.0,920.0,14060.0,22875.0,19150.0,52.8,86000.0,15890.0,53674.0,3260.0,880.0,16.56783451574983
N0J,1494.4442,2305.0,11290.0,730.0,7855.0,16335.0,13855.0,38.4,97000.0,12205.0,33457.0,1650.0,505.0,22.38758730503287
N0K,1499.13,1690.0,8285.0,725.0,5930.0,12920.0,10450.0,38.4,90000.0,9195.0,24817.0,1255.0,335.0,16.554268142189134
N0L,2069.842,5450.0,16365.0,1025.0,12450.0,23995.0,21315.0,44.0,100000.0,18635.0,49817.0,2685.0,865.0,24.06802065085161
N0M,3593.2568,6595.0,22040.0,1460.0,17635.0,33275.0,28335.0,46.0,91000.0,24620.0,69177.0,3720.0,1030.0,19.251894270401156
N0N,1576.4634,3980.0,13310.0,735.0,10700.0,18200.0,16915.0,45.2,96000.0,14365.0,42297.0,2550.0,645.0,26.83030890536374
N0P,2849.2033,3415.0,17270.0,1120.0,12900.0,23305.0,20890.0,46.0,80000.0,17985.0,53140.0,2905.0,835.0,18.65082775946525
N0R,784.0921,6590.0,17190.0,875.0,12005.0,23025.0,22220.0,43.2,107000.0,19810.0,50203.0,2410.0,685.0,64.02691724607352
N1A,225.1076,585.0,3945.0,275.0,2835.0,5245.0,4725.0,47.2,77500.0,4165.0,12614.0,560.0,205.0,56.035424836833585
N1C,4.7041,1060.0,1115.0,75.0,860.0,1865.0,1800.0,43.6,153000.0,1555.0,3678.0,245.0,35.0,781.8711336918857
N1E,39.2619,8860.0,13960.0,1305.0,9240.0,22625.0,21800.0,38.4,96000.0,19125.0,44799.0,2675.0,800.0,1141.0298533692971
N1G,22.8294,7375.0,7945.0,765.0,5925.0,14560.0,14210.0,37.6,98000.0,11445.0,29688.0,2765.0,350.0,1300.428394964388
N1H,131.6029,7860.0,11320.0,1265.0,8290.0,20110.0,19360.0,41.2,77000.0,16620.0,42178.0,2740.0,705.0,320.4944571890133
N1K,4.1746,2145.0,3740.0,435.0,2160.0,5750.0,5645.0,38.4,110000.0,4900.0,10908.0,740.0,145.0,2612.9449528098503
N1L,12.271,4930.0,5145.0,400.0,3460.0,8960.0,8650.0,34.8,114000.0,7080.0,17474.0,1560.0,175.0,1424.0078233232825
N1M,88.7683,2295.0,6280.0,390.0,4245.0,9015.0,8230.0,42.4,95000.0,7275.0,18498.0,955.0,335.0,208.38520057272697
N1P,2.2739,1085.0,2740.0,345.0,1695.0,4075.0,4045.0,36.0,118000.0,3595.0,7991.0,450.0,150.0,3514.2266590439335
N1R,182.1589,3935.0,13110.0,1340.0,8070.0,19480.0,19040.0,40.8,77000.0,16880.0,42928.0,2165.0,800.0,235.66238048209559
N1S,9.8775,2945.0,6180.0,550.0,4410.0,9415.0,9110.0,42.8,95000.0,7910.0,20171.0,1205.0,355.0,2042.115920020248
N1T,15.225,3360.0,6200.0,455.0,3595.0,9195.0,8755.0,37.2,124000.0,7520.0,18513.0,1230.0,245.0,1215.960591133005
N2A,13.6052,5660.0,9290.0,840.0,6635.0,14965.0,14345.0,39.2,96000.0,12590.0,32454.0,1750.0,445.0,2385.4114603239937
N2B,7.6676,2235.0,5290.0,455.0,3590.0,8245.0,8145.0,42.8,81000.0,7125.0,16939.0,1020.0,280.0,2209.165840680265
N2C,13.2857,2585.0,4825.0,720.0,3205.0,8045.0,8070.0,36.8,70000.0,6910.0,17681.0,1155.0,240.0,1330.8293879885891
N2E,12.6935,6315.0,12400.0,1330.0,7880.0,19435.0,19455.0,36.4,93000.0,17115.0,40428.0,2340.0,615.0,3184.9371725686374
N2G,5.679,3610.0,3135.0,285.0,2745.0,7370.0,7180.0,38.0,62400.0,6095.0,14580.0,1085.0,175.0,2567.3534072900156
N2H,11.3629,5185.0,5785.0,575.0,4595.0,11675.0,11170.0,38.4,73500.0,9760.0,22456.0,1415.0,335.0,1976.2560613927783
N2J,38.2888,5175.0,4390.0,410.0,3945.0,9785.0,9435.0,36.8,74500.0,7715.0,20899.0,1715.0,225.0,545.8254110862706
N2K,20.4743,7790.0,8010.0,745.0,6880.0,15275.0,14515.0,40.4,120000.0,12400.0,29381.0,2115.0,325.0,1435.0185354322248
N2L,15.7746,9980.0,6685.0,740.0,6090.0,17355.0,17400.0,29.8,69500.0,12780.0,37953.0,4620.0,315.0,2405.956410939105
N2M,10.3077,6160.0,9410.0,1100.0,7005.0,16660.0,16660.0,36.4,71500.0,14500.0,36494.0,2165.0,550.0,3540.4600444328025
N2N,10.2024,4900.0,7555.0,665.0,5710.0,12955.0,12505.0,39.2,108000.0,10875.0,26596.0,1625.0,355.0,2606.8376068376065
N2P,19.3575,5840.0,7460.0,670.0,5110.0,12575.0,11715.0,36.0,110000.0,10060.0,25040.0,1655.0,310.0,1293.555469456283
N2R,26.9683,4595.0,5555.0,465.0,3675.0,9405.0,8785.0,32.8,116000.0,7725.0,18445.0,1055.0,245.0,683.9511574700667
N2T,7.1546,6165.0,4600.0,455.0,4675.0,9870.0,9235.0,41.2,127000.0,7660.0,20634.0,1575.0,205.0,2884.018673301093
N2V,19.0718,6365.0,4505.0,400.0,4240.0,9375.0,8910.0,38.0,126000.0,7490.0,19428.0,1425.0,150.0,1018.6767898153295
N2Z,283.6428,1660.0,3120.0,245.0,3190.0,5045.0,4600.0,46.8,103000.0,3770.0,12341.0,835.0,180.0,43.50894857898737
N3A,196.8159,2255.0,5210.0,335.0,4420.0,8145.0,7410.0,41.6,111000.0,6670.0,17045.0,735.0,225.0,86.6037754063569
N3B,56.0565,1615.0,4190.0,375.0,3035.0,6825.0,6075.0,38.4,107000.0,5510.0,13190.0,560.0,130.0,235.29831509280814
N3C,56.6023,4445.0,9155.0,565.0,5920.0,14025.0,13480.0,38.8,114000.0,11965.0,27518.0,1515.0,450.0,486.1639898025345
N3E,14.2872,690.0,855.0,70.0,495.0,1380.0,1230.0,30.8,121000.0,1040.0,2802.0,190.0,45.0,196.11960356122964
N3H,26.3894,2715.0,7335.0,755.0,4615.0,11325.0,11275.0,40.8,82000.0,9835.0,24306.0,1445.0,450.0,921.0516343683449
N3L,136.6595,2335.0,5985.0,315.0,3980.0,8625.0,7965.0,42.0,102000.0,7070.0,17676.0,895.0,300.0,129.34336800588324
N3P,7.4808,780.0,2840.0,345.0,1760.0,4045.0,4130.0,39.6,92000.0,3640.0,8542.0,495.0,165.0,1141.8564859373328
N3R,16.4913,3655.0,10860.0,1055.0,7665.0,15820.0,15580.0,45.6,83000.0,13740.0,35858.0,1840.0,700.0,2174.358601201846
N3S,21.1132,2020.0,8380.0,960.0,4920.0,11690.0,11810.0,39.2,68500.0,10395.0,27527.0,1420.0,735.0,1303.7815205653335
N3T,245.8371,4875.0,11090.0,1060.0,7110.0,16665.0,15810.0,38.8,86000.0,13590.0,37406.0,2220.0,705.0,152.15766863504328
N3V,0.6066,215.0,555.0,50.0,400.0,715.0,745.0,44.8,109000.0,625.0,1562.0,120.0,20.0,2575.008242664029
N3W,191.854,1860.0,5615.0,360.0,3540.0,7965.0,7385.0,38.4,111000.0,6425.0,15805.0,955.0,295.0,82.38035172579148
N3Y,392.1731,1670.0,6900.0,565.0,5150.0,9455.0,9105.0,49.2,77500.0,7725.0,23402.0,1380.0,455.0,59.67262925478571
N4B,141.7672,450.0,2830.0,210.0,1845.0,3610.0,3420.0,44.4,78000.0,2965.0,8223.0,450.0,175.0,58.00354383806692
N4G,130.0817,1390.0,6385.0,625.0,5085.0,8750.0,8400.0,47.6,75000.0,7435.0,21519.0,970.0,375.0,165.42680484649262
N4K,356.4141,2805.0,8495.0,860.0,6310.0,12130.0,11330.0,49.2,69500.0,9715.0,28975.0,1615.0,560.0,81.29588588105801
N4L,288.4458,835.0,2220.0,210.0,2090.0,3445.0,2985.0,54.4,74500.0,2545.0,8337.0,440.0,155.0,28.90317695733479
N4N,141.6356,550.0,3115.0,340.0,2395.0,4380.0,3995.0,49.6,73000.0,3465.0,10341.0,525.0,185.0,73.01130506737006
N4S,294.6386,2520.0,10740.0,1210.0,7170.0,15440.0,14980.0,42.8,78000.0,13345.0,33055.0,1640.0,750.0,112.18828761744048
N4T,28.6033,1965.0,4880.0,460.0,3265.0,6820.0,6485.0,38.4,98000.0,5705.0,15161.0,780.0,260.0,530.0437362122552
N4V,2.048,365.0,1020.0,105.0,700.0,1405.0,1405.0,41.2,87000.0,1195.0,3477.0,215.0,85.0,1697.75390625
N4W,271.1048,975.0,4020.0,580.0,3065.0,6495.0,5670.0,38.0,84000.0,4960.0,13311.0,710.0,190.0,49.099093782183125
N4X,293.345,1085.0,3195.0,255.0,2490.0,4670.0,4200.0,47.6,89000.0,3730.0,9946.0,465.0,155.0,33.90546966881999
N4Z,5.8774,260.0,820.0,75.0,550.0,1170.0,1130.0,40.8,95000.0,1030.0,2362.0,105.0,50.0,401.87838159730495
N5A,161.2882,4215.0,9515.0,1195.0,7295.0,15390.0,14420.0,46.4,77000.0,12545.0,32898.0,1870.0,550.0,203.97028424894074
N5C,126.2413,1220.0,5200.0,355.0,3605.0,7195.0,7300.0,41.2,89000.0,6630.0,15721.0,670.0,355.0,124.53135384378963
N5H,283.723,820.0,5030.0,485.0,3495.0,6900.0,6020.0,37.6,83000.0,5140.0,15625.0,880.0,185.0,55.071319561685165
N5L,66.2917,365.0,905.0,55.0,1015.0,1385.0,1280.0,57.6,89000.0,1035.0,3714.0,240.0,55.0,56.02511324947165
N5P,293.7813,1755.0,6520.0,625.0,4535.0,9420.0,9140.0,42.8,77500.0,8050.0,21081.0,1090.0,445.0,71.7574603965603
N5R,29.3801,2900.0,9585.0,875.0,6795.0,13370.0,13090.0,44.8,80000.0,11550.0,30680.0,1540.0,585.0,1044.2442333416157
N5V,38.3675,3245.0,9670.0,1200.0,5770.0,14850.0,15750.0,36.4,74500.0,13565.0,32961.0,2185.0,685.0,859.0864664103734
N5W,17.5688,2585.0,6925.0,885.0,4555.0,11415.0,11485.0,40.4,64500.0,10165.0,24740.0,1320.0,505.0,1408.1781339647557
N5X,11.7911,8995.0,9505.0,900.0,8165.0,16540.0,15255.0,40.4,103000.0,12520.0,36963.0,2735.0,360.0,3134.8220267829124
N5Y,11.9884,5735.0,8740.0,1530.0,6345.0,16160.0,16495.0,35.6,63600.0,13565.0,35934.0,2930.0,625.0,2997.39748423476
N5Z,10.2388,2065.0,6565.0,970.0,4215.0,10185.0,10440.0,40.0,64500.0,9115.0,24067.0,1325.0,480.0,2350.5684259874206
N6A,6.0614,3965.0,2540.0,305.0,2320.0,6580.0,6435.0,34.0,61200.0,4920.0,13810.0,1515.0,90.0,2278.3515359487906
N6B,2.9296,2335.0,2210.0,310.0,1610.0,5265.0,5385.0,38.0,49200.0,4525.0,11101.0,860.0,130.0,3789.254505734571
N6C,13.4371,6345.0,7810.0,845.0,6345.0,14470.0,13790.0,41.6,75500.0,11790.0,30629.0,1995.0,490.0,2279.4352948180785
N6E,15.4174,2380.0,6915.0,845.0,5170.0,10580.0,10745.0,38.0,75000.0,9340.0,28140.0,1405.0,410.0,1825.2104764746325
N6G,47.7933,13015.0,12085.0,1195.0,10550.0,22065.0,20295.0,36.4,96000.0,16065.0,50940.0,4225.0,490.0,1065.839772520416
N6H,33.763,10820.0,10310.0,1060.0,8910.0,19270.0,18385.0,38.8,71000.0,14430.0,44215.0,3955.0,410.0,1309.5696472469865
N6J,9.4009,3730.0,6975.0,790.0,5405.0,11460.0,11370.0,43.6,65000.0,9875.0,27497.0,1490.0,420.0,2924.9327192077353
N6K,34.3123,7725.0,8905.0,785.0,8925.0,15975.0,14880.0,44.4,100000.0,12565.0,37596.0,2310.0,410.0,1095.700375667035
N6L,31.5686,1060.0,1490.0,180.0,935.0,2295.0,2025.0,34.4,103000.0,1685.0,5167.0,345.0,55.0,163.67529760584884
N6M,41.6825,1520.0,2905.0,220.0,1810.0,4185.0,4035.0,35.2,109000.0,3475.0,8542.0,560.0,115.0,204.9301265519103
N6N,67.5277,85.0,270.0,10.0,160.0,395.0,255.0,49.2,95000.0,210.0,728.0,40.0,10.0,10.780761080267801
N6P,164.9351,2345.0,3235.0,210.0,2615.0,5195.0,4440.0,40.8,119000.0,3795.0,10943.0,645.0,125.0,66.34730872931232
N7A,253.3853,1100.0,3590.0,260.0,3150.0,5145.0,4625.0,55.2,74000.0,3965.0,12495.0,655.0,175.0,49.31225292074954
N7G,220.6681,1660.0,6515.0,610.0,4570.0,9310.0,8765.0,44.4,85000.0,7745.0,19921.0,1015.0,320.0,90.27584866140597
N7L,25.7538,2335.0,7180.0,745.0,5420.0,10325.0,10395.0,47.2,68500.0,9010.0,25127.0,1385.0,485.0,975.661844077379
N7M,325.6238,2260.0,7295.0,785.0,5355.0,10720.0,10120.0,44.0,71000.0,8820.0,25579.0,1295.0,475.0,78.55384035196444
N7S,16.0133,3335.0,8635.0,640.0,6265.0,11910.0,12000.0,42.4,93000.0,10130.0,28410.0,1865.0,475.0,1774.1502376149824
N7T,101.9124,1715.0,6855.0,800.0,4650.0,9990.0,10190.0,44.4,58400.0,8510.0,26033.0,1685.0,590.0,255.44487226284534
N7V,7.5841,1415.0,3375.0,215.0,2800.0,4600.0,4505.0,51.6,83000.0,3830.0,11611.0,675.0,175.0,1530.9661001305362
N7W,36.1951,225.0,540.0,30.0,815.0,750.0,705.0,66.5,81000.0,595.0,2578.0,110.0,5.0,71.22511058126653
N7X,7.1848,185.0,335.0,15.0,335.0,440.0,320.0,54.8,142000.0,265.0,1129.0,55.0,20.0,157.1372898340942
N8A,358.8804,530.0,3715.0,340.0,2750.0,4950.0,4880.0,48.0,64500.0,4290.0,12624.0,595.0,280.0,35.1760642264108
N8H,154.9092,1555.0,7920.0,1120.0,5410.0,11220.0,10735.0,41.6,78000.0,9225.0,27530.0,1510.0,355.0,177.71701099741009
N8M,120.0186,1055.0,4005.0,285.0,2675.0,5265.0,5410.0,44.8,88000.0,4890.0,11819.0,515.0,195.0,98.47640282422891
N8N,49.2695,4455.0,7320.0,380.0,5860.0,10385.0,10155.0,47.6,108000.0,8885.0,24534.0,1270.0,210.0,497.9551243670019
N8P,5.7709,2665.0,3980.0,280.0,3285.0,5755.0,5875.0,46.0,100000.0,5230.0,14603.0,650.0,100.0,2530.4545218250187
N8R,5.8025,1470.0,3530.0,390.0,2590.0,4915.0,5230.0,40.8,92000.0,4650.0,12733.0,580.0,160.0,2194.398965962947
N8S,9.0567,3065.0,6210.0,490.0,4630.0,8690.0,9245.0,46.8,72500.0,8345.0,22354.0,900.0,310.0,2468.2279417447858
N8T,11.3662,1410.0,4295.0,500.0,3095.0,5900.0,6690.0,42.4,60800.0,5870.0,17935.0,820.0,250.0,1577.924020341011
N8W,16.6972,2905.0,7165.0,745.0,4860.0,10290.0,11205.0,41.6,80000.0,10040.0,24057.0,1165.0,390.0,1440.7804901420598
N8X,8.2375,1710.0,3880.0,570.0,2635.0,5985.0,6535.0,39.2,60000.0,5715.0,16457.0,820.0,260.0,1997.8148710166918
N8Y,7.9544,2280.0,4815.0,615.0,3360.0,7285.0,7780.0,42.8,62800.0,6915.0,19254.0,870.0,350.0,2420.5471185758825
N9A,6.0556,3160.0,4600.0,800.0,3555.0,8380.0,8835.0,38.8,45200.0,7390.0,26107.0,1445.0,285.0,4311.216064469251
N9B,7.2011,3785.0,4260.0,645.0,2625.0,7570.0,7960.0,30.2,59600.0,6340.0,19613.0,1620.0,170.0,2723.6116704392384
N9C,8.7536,1690.0,2695.0,425.0,1730.0,4520.0,4980.0,32.8,54000.0,4110.0,12538.0,870.0,185.0,1432.3249862913544
N9E,15.1767,4400.0,5630.0,420.0,4555.0,8565.0,8640.0,42.4,103000.0,7445.0,21465.0,1195.0,195.0,1414.3390855719622
N9G,9.9407,4610.0,5350.0,375.0,4180.0,8390.0,8380.0,40.8,111000.0,7100.0,20712.0,1280.0,140.0,2083.55548402024
N9H,24.3842,2855.0,3405.0,195.0,3005.0,5420.0,5275.0,46.0,117000.0,4500.0,13173.0,770.0,95.0,540.2268682179445
N9J,49.31,4160.0,6440.0,315.0,4840.0,9320.0,9260.0,43.6,119000.0,8205.0,20089.0,1055.0,225.0,407.40214966538224
N9K,8.5232,575.0,770.0,45.0,625.0,1165.0,1225.0,42.8,136000.0,1080.0,2757.0,150.0,20.0,323.47005819410555
N9V,137.9016,2480.0,7150.0,375.0,5235.0,9580.0,9520.0,45.6,97000.0,8480.0,21688.0,1040.0,335.0,157.27156175127772
N9Y,76.6327,1630.0,4980.0,460.0,3825.0,6780.0,6355.0,47.2,90000.0,5565.0,15836.0,790.0,190.0,206.64807582141827
P0A,4150.6682,1030.0,4835.0,280.0,4550.0,6625.0,5835.0,56.8,68000.0,4880.0,17822.0,955.0,360.0,4.293766483189382
P0B,869.5903,1085.0,3170.0,200.0,2460.0,4515.0,3770.0,53.2,90000.0,3090.0,9589.0,680.0,185.0,11.027031925264117
P0C,873.0947,485.0,1110.0,85.0,1195.0,1795.0,1400.0,56.8,78500.0,1100.0,4824.0,300.0,85.0,5.525173844257673
P0E,367.6774,355.0,1195.0,65.0,900.0,1640.0,1365.0,54.4,83000.0,1115.0,3606.0,250.0,80.0,9.807510605764728
P0G,788.8151,360.0,1000.0,75.0,905.0,1495.0,1250.0,58.0,72000.0,1000.0,3553.0,255.0,75.0,4.5042241204561115
P0H,18206.2677,2475.0,9170.0,575.0,8040.0,13025.0,12080.0,50.8,80000.0,10030.0,31909.0,2045.0,700.0,1.7526381862439604
P0J,8531.4233,1330.0,6165.0,635.0,4650.0,8665.0,7770.0,47.6,72500.0,6620.0,20179.0,1150.0,515.0,2.3652559825510004
P0K,14618.404,520.0,3200.0,220.0,2815.0,4555.0,4450.0,49.2,75000.0,3755.0,11456.0,695.0,305.0,0.78366968104042
P0L,126824.8916,1390.0,6155.0,640.0,4795.0,9025.0,8880.0,42.0,77500.0,7175.0,22859.0,1700.0,810.0,0.18024064291808153
P0M,63926.0532,3450.0,16130.0,1005.0,12035.0,21895.0,21765.0,46.8,86000.0,18705.0,49727.0,3060.0,1455.0,0.7778831557835014
P0N,1654.6428,660.0,3165.0,250.0,2200.0,4380.0,4405.0,40.0,90000.0,3865.0,9435.0,535.0,305.0,5.70213704129979
P0P,4663.9828,1380.0,4980.0,490.0,4390.0,7300.0,6655.0,50.8,64000.0,5280.0,20285.0,1370.0,470.0,4.349287051401648
P0R,9014.5396,925.0,3305.0,210.0,3245.0,4850.0,4350.0,54.8,68500.0,3625.0,12976.0,730.0,220.0,1.439452326550321
P0S,13260.6608,830.0,3200.0,235.0,2650.0,4395.0,4370.0,50.0,85000.0,3645.0,10170.0,720.0,255.0,0.7669301065298345
P0T,94591.9474,2195.0,9120.0,700.0,7100.0,12600.0,12490.0,45.6,77000.0,10085.0,32000.0,2405.0,975.0,0.33829518135071185
P0V,374847.0227,970.0,5690.0,845.0,3375.0,8205.0,8290.0,30.8,71500.0,6655.0,22944.0,1635.0,965.0,0.06120896955439524
P0W,14646.5332,395.0,2020.0,135.0,1410.0,2710.0,2410.0,42.8,76500.0,1920.0,6454.0,490.0,170.0,0.4406503513063419
P0X,18785.2943,585.0,2220.0,200.0,1695.0,2980.0,2770.0,43.6,75500.0,2195.0,8410.0,575.0,290.0,0.447690617229244
P0Y,78.8305,0.0,0.0,0.0,35.0,20.0,0.0,66.5,,0.0,96.0,0.0,0.0,1.2178027540101863
P1A,18.5185,1835.0,4395.0,400.0,3530.0,6630.0,6595.0,44.8,74000.0,5680.0,16959.0,915.0,405.0,915.7869157869158
P1B,547.3026,3725.0,8945.0,1065.0,6365.0,14365.0,14140.0,44.4,66000.0,11920.0,33113.0,2220.0,705.0,60.50217923320664
P1C,5.9895,850.0,950.0,110.0,885.0,1625.0,1495.0,42.8,153000.0,1225.0,3371.0,265.0,40.0,562.8182652976042
P1H,815.5869,2120.0,5360.0,500.0,4225.0,7910.0,6965.0,51.2,82000.0,5860.0,18099.0,1105.0,325.0,22.191381445680406
P1L,680.4089,2100.0,5595.0,490.0,4195.0,8250.0,7225.0,51.2,86000.0,6070.0,17984.0,1155.0,335.0,26.431165142019747
P1P,379.3228,820.0,2775.0,220.0,2330.0,4190.0,3715.0,54.0,72500.0,3090.0,11083.0,630.0,225.0,29.21785877358282
P2A,903.3394,1405.0,4175.0,515.0,3295.0,6220.0,5505.0,54.0,73500.0,4525.0,14695.0,980.0,255.0,16.267418425455595
P2B,65.588,655.0,2450.0,245.0,2100.0,3510.0,3495.0,50.4,66000.0,2785.0,9754.0,710.0,220.0,148.7162285783985
P2N,21.9581,590.0,1820.0,265.0,1345.0,2735.0,2800.0,45.2,60800.0,2460.0,6944.0,345.0,190.0,316.23865452839726
P3A,46.7649,2800.0,6645.0,595.0,5035.0,10450.0,10540.0,45.2,83000.0,8690.0,24326.0,1850.0,465.0,520.1764571291717
P3B,21.2363,1880.0,4580.0,495.0,2970.0,7055.0,7275.0,40.4,66500.0,6005.0,16434.0,1270.0,365.0,773.8636203105061
P3C,10.8105,1625.0,4235.0,535.0,2680.0,7470.0,7770.0,38.0,54000.0,6445.0,17596.0,1325.0,445.0,1627.6767957078766
P3E,1096.0516,6435.0,7800.0,750.0,6220.0,13245.0,12510.0,46.0,85000.0,10020.0,29132.0,2490.0,415.0,26.57904062181014
P3G,266.1714,830.0,1505.0,70.0,1115.0,2070.0,1850.0,46.4,128000.0,1555.0,4167.0,290.0,95.0,15.655325853942234
P3L,128.8018,815.0,2945.0,210.0,1815.0,3995.0,3910.0,41.2,102000.0,3325.0,7996.0,585.0,210.0,62.079877765683406
P3N,115.8818,625.0,2805.0,130.0,1900.0,3725.0,3705.0,43.2,107000.0,3240.0,7980.0,465.0,225.0,68.86327274861108
P3P,492.1684,1485.0,5535.0,255.0,3740.0,7580.0,7630.0,42.0,109000.0,6535.0,15408.0,1095.0,455.0,31.306357742593793
P3Y,113.4003,1170.0,2730.0,135.0,1965.0,3730.0,3665.0,44.0,113000.0,3210.0,7757.0,455.0,185.0,68.40369910837978
P4N,292.012,1920.0,7275.0,875.0,4920.0,11000.0,10845.0,42.8,73500.0,9435.0,24098.0,1410.0,675.0,82.52400586277277
P4P,80.4413,360.0,1160.0,130.0,710.0,1620.0,1595.0,41.2,101000.0,1330.0,3232.0,265.0,80.0,40.1783660880667
P4R,928.2296,520.0,1640.0,135.0,1190.0,2370.0,2195.0,43.6,116000.0,1830.0,4795.0,370.0,100.0,5.165747784815308
P5A,696.0556,600.0,2105.0,230.0,2565.0,2955.0,3040.0,60.4,50000.0,2565.0,11372.0,470.0,220.0,16.33777531565007
P5E,81.003,425.0,1555.0,160.0,1270.0,2220.0,2195.0,49.2,78500.0,1885.0,5427.0,310.0,130.0,66.99751861042184
P5N,83.9821,570.0,2470.0,220.0,1935.0,3360.0,3305.0,48.4,69000.0,2735.0,8260.0,565.0,220.0,98.35429216463984
P6A,537.2735,4665.0,9465.0,625.0,7535.0,13585.0,13770.0,47.2,78000.0,11560.0,33800.0,2215.0,640.0,62.910231008974016
P6B,20.7203,2975.0,5770.0,565.0,4630.0,8725.0,8905.0,48.0,69000.0,7355.0,22754.0,1550.0,400.0,1098.1501233090253
P6C,32.2818,1460.0,5910.0,545.0,3935.0,7925.0,8390.0,46.4,71500.0,7280.0,18766.0,1110.0,450.0,581.3182660198627
P7A,4089.2115,4000.0,8540.0,670.0,6040.0,12300.0,12380.0,47.2,78500.0,10315.0,28587.0,2065.0,570.0,6.990834296538587
P7B,13.7363,4125.0,6005.0,590.0,4130.0,9755.0,9755.0,40.8,70000.0,7520.0,22675.0,2230.0,340.0,1650.735642057905
P7C,40.6583,2365.0,6030.0,640.0,4080.0,9085.0,9325.0,42.4,72500.0,7790.0,21695.0,1530.0,450.0,533.5933868361442
P7E,12.9523,1960.0,6235.0,585.0,3985.0,8990.0,9340.0,44.4,68500.0,7960.0,20897.0,1380.0,460.0,1613.3814071632066
P7G,4037.979,2375.0,4530.0,270.0,3415.0,6315.0,5985.0,44.8,117000.0,4975.0,13238.0,1005.0,235.0,3.2783726710812515
P7J,173.3003,770.0,1485.0,95.0,1180.0,2150.0,1970.0,44.8,114000.0,1610.0,4859.0,355.0,65.0,28.038035710267092
P7K,108.4952,1025.0,2445.0,85.0,1845.0,3155.0,2880.0,49.2,118000.0,2460.0,6801.0,425.0,95.0,62.68480080224747
P7L,873.7825,260.0,745.0,35.0,585.0,1040.0,985.0,48.8,94000.0,835.0,2188.0,150.0,40.0,2.5040556431377374
P8N,563.9007,720.0,3325.0,270.0,2225.0,4380.0,4265.0,48.0,83000.0,3575.0,9619.0,695.0,220.0,17.057967830151654
P8T,207.6624,760.0,1900.0,240.0,1120.0,2975.0,2845.0,37.2,103000.0,2455.0,5541.0,390.0,175.0,26.682731202182005
P9A,378.0704,905.0,3285.0,345.0,2155.0,4480.0,4330.0,44.8,82000.0,3510.0,10079.0,820.0,255.0,26.659056091140698
P9N,272.5851,1585.0,4780.0,375.0,2915.0,6650.0,6330.0,43.6,83000.0,5100.0,14088.0,1230.0,360.0,51.68294231783028
